datetime,symbol,open,high,low,close,volume
2020-08-10 23:00:00,TRADENATION:SOLANA,3.184,3.445,2.772,3.445,0.0
2020-08-11 23:00:00,TRADENATION:SOLANA,3.445,3.88,3.183,3.728,0.0
2020-08-12 23:00:00,TRADENATION:SOLANA,3.728,4.12,3.585,3.728,0.0
2020-08-13 23:00:00,TRADENATION:SOLANA,3.728,3.729,3.377,3.377,0.0
2020-08-16 23:00:00,TRADENATION:SOLANA,3.378,3.378,3.121,3.121,0.0
2020-08-17 23:00:00,TRADENATION:SOLANA,3.121,3.585,2.9,3.378,0.0
2020-08-18 23:00:00,TRADENATION:SOLANA,3.378,3.445,2.883,2.942,0.0
2020-08-19 23:00:00,TRADENATION:SOLANA,2.942,3.377,2.939,3.184,0.0
2020-08-20 23:00:00,TRADENATION:SOLANA,3.184,3.184,2.94,2.94,0.0
2020-08-23 23:00:00,TRADENATION:SOLANA,3.312,3.585,3.246,3.31,0.0
2020-08-24 23:00:00,TRADENATION:SOLANA,3.31,3.312,3.064,3.265,0.0
2020-08-25 23:00:00,TRADENATION:SOLANA,3.265,3.784,3.199,3.563,0.0
2020-08-26 23:00:00,TRADENATION:SOLANA,3.563,3.796,3.336,3.442,0.0
2020-08-27 23:00:00,TRADENATION:SOLANA,3.442,4.234,3.442,4.008,0.0
2020-08-30 23:00:00,TRADENATION:SOLANA,4.439,4.843,4.158,4.758,0.0
2020-08-31 23:00:00,TRADENATION:SOLANA,4.758,4.934,4.327,4.327,0.0
2020-09-01 23:00:00,TRADENATION:SOLANA,4.327,4.355,3.826,4.151,0.0
2020-09-02 23:00:00,TRADENATION:SOLANA,4.151,4.312,3.526,3.526,0.0
2020-09-03 23:00:00,TRADENATION:SOLANA,3.526,3.782,3.194,3.544,0.0
2020-09-06 23:00:00,TRADENATION:SOLANA,3.068,3.15,2.417,2.921,0.0
2020-09-07 23:00:00,TRADENATION:SOLANA,2.921,2.925,2.409,2.476,0.0
2020-09-08 23:00:00,TRADENATION:SOLANA,2.476,3.674,2.391,3.614,0.0
2020-09-09 23:00:00,TRADENATION:SOLANA,3.614,3.843,3.314,3.461,0.0
2020-09-10 23:00:00,TRADENATION:SOLANA,3.461,3.487,3.053,3.428,0.0
2020-09-13 23:00:00,TRADENATION:SOLANA,3.245,3.442,3.106,3.272,0.0
2020-09-14 23:00:00,TRADENATION:SOLANA,3.272,3.303,2.922,2.926,0.0
2020-09-15 23:00:00,TRADENATION:SOLANA,2.926,2.926,2.449,2.55,0.0
2020-09-16 23:00:00,TRADENATION:SOLANA,2.55,2.925,2.459,2.894,0.0
2020-09-17 23:00:00,TRADENATION:SOLANA,2.894,3.136,2.763,3.1,0.0
2020-09-20 23:00:00,TRADENATION:SOLANA,2.877,3.001,2.49,2.776,0.0
2020-09-21 23:00:00,TRADENATION:SOLANA,2.776,2.971,2.757,2.926,0.0
2020-09-22 23:00:00,TRADENATION:SOLANA,2.926,3.036,2.786,2.842,0.0
2020-09-23 23:00:00,TRADENATION:SOLANA,2.842,3.235,2.815,3.142,0.0
2020-09-24 23:00:00,TRADENATION:SOLANA,3.142,3.237,2.916,3.194,0.0
2020-09-27 23:00:00,TRADENATION:SOLANA,3.159,3.172,2.945,2.945,0.0
2020-09-28 23:00:00,TRADENATION:SOLANA,2.945,3.006,2.906,2.952,0.0
2020-09-29 23:00:00,TRADENATION:SOLANA,2.952,2.985,2.845,2.889,0.0
2020-09-30 23:00:00,TRADENATION:SOLANA,2.889,2.976,2.688,2.859,0.0
2020-10-01 23:00:00,TRADENATION:SOLANA,2.859,2.859,2.464,2.619,0.0
2020-10-04 23:00:00,TRADENATION:SOLANA,2.517,2.667,2.475,2.659,0.0
2020-10-05 23:00:00,TRADENATION:SOLANA,2.659,2.659,2.157,2.166,0.0
2020-10-06 23:00:00,TRADENATION:SOLANA,2.166,2.329,2.108,2.292,0.0
2020-10-07 23:00:00,TRADENATION:SOLANA,2.292,2.435,2.036,2.365,0.0
2020-10-08 23:00:00,TRADENATION:SOLANA,2.365,2.602,2.321,2.546,0.0
2020-10-11 23:00:00,TRADENATION:SOLANA,2.417,2.679,2.417,2.581,0.0
2020-10-12 23:00:00,TRADENATION:SOLANA,2.581,2.581,2.354,2.404,0.0
2020-10-13 23:00:00,TRADENATION:SOLANA,2.404,2.432,2.251,2.309,0.0
2020-10-14 23:00:00,TRADENATION:SOLANA,2.309,2.333,2.226,2.275,0.0
2020-10-15 23:00:00,TRADENATION:SOLANA,2.275,2.275,2.13,2.148,0.0
2020-10-18 23:00:00,TRADENATION:SOLANA,2.203,2.203,2.056,2.057,0.0
2020-10-19 23:00:00,TRADENATION:SOLANA,2.057,2.094,1.863,1.89,0.0
2020-10-20 23:00:00,TRADENATION:SOLANA,1.89,2.03,1.863,1.891,0.0
2020-10-21 23:00:00,TRADENATION:SOLANA,1.891,2.078,1.891,1.954,0.0
2020-10-22 23:00:00,TRADENATION:SOLANA,1.954,1.982,1.863,1.956,0.0
2020-10-25 22:00:00,TRADENATION:SOLANA,1.787,1.857,1.635,1.692,0.0
2020-10-26 22:00:00,TRADENATION:SOLANA,1.692,1.739,1.623,1.712,0.0
2020-10-27 22:00:00,TRADENATION:SOLANA,1.712,1.715,1.475,1.512,0.0
2020-10-28 22:00:00,TRADENATION:SOLANA,1.512,1.565,1.426,1.427,0.0
2020-10-29 22:00:00,TRADENATION:SOLANA,1.427,1.445,1.353,1.429,0.0
2020-11-01 23:00:00,TRADENATION:SOLANA,1.604,1.632,1.475,1.481,0.0
2020-11-02 23:00:00,TRADENATION:SOLANA,1.481,1.481,1.418,1.418,0.0
2020-11-03 23:00:00,TRADENATION:SOLANA,1.418,1.418,1.298,1.397,0.0
2020-11-04 23:00:00,TRADENATION:SOLANA,1.397,1.471,1.311,1.4,0.0
2020-11-05 23:00:00,TRADENATION:SOLANA,1.4,1.921,1.4,1.911,0.0
2020-11-08 23:00:00,TRADENATION:SOLANA,2.152,2.175,1.988,2.025,0.0
2020-11-09 23:00:00,TRADENATION:SOLANA,2.025,2.306,2.019,2.261,0.0
2020-11-10 23:00:00,TRADENATION:SOLANA,2.261,2.287,2.002,2.002,0.0
2020-11-11 23:00:00,TRADENATION:SOLANA,2.002,2.049,1.842,1.895,0.0
2020-11-12 23:00:00,TRADENATION:SOLANA,1.895,2.042,1.895,2.019,0.0
2020-11-15 23:00:00,TRADENATION:SOLANA,2.033,2.345,2.008,2.255,0.0
2020-11-16 23:00:00,TRADENATION:SOLANA,2.255,2.313,2.142,2.203,0.0
2020-11-17 23:00:00,TRADENATION:SOLANA,2.203,2.204,2.031,2.124,0.0
2020-11-18 23:00:00,TRADENATION:SOLANA,2.124,2.174,2.029,2.073,0.0
2020-11-19 23:00:00,TRADENATION:SOLANA,2.073,2.221,2.061,2.104,0.0
2020-11-22 23:00:00,TRADENATION:SOLANA,2.157,2.341,2.129,2.274,0.0
2020-11-23 23:00:00,TRADENATION:SOLANA,2.274,2.437,2.172,2.276,0.0
2020-11-24 23:00:00,TRADENATION:SOLANA,2.276,2.482,2.202,2.274,0.0
2020-11-25 23:00:00,TRADENATION:SOLANA,2.274,2.29,1.747,1.901,0.0
2020-11-26 23:00:00,TRADENATION:SOLANA,1.901,1.96,1.79,1.857,0.0
2020-11-29 23:00:00,TRADENATION:SOLANA,1.909,1.999,1.909,1.967,0.0
2020-11-30 23:00:00,TRADENATION:SOLANA,1.967,2.131,1.943,1.978,0.0
2020-12-01 23:00:00,TRADENATION:SOLANA,1.978,2.168,1.972,2.116,0.0
2020-12-02 23:00:00,TRADENATION:SOLANA,2.116,2.21,2.082,2.096,0.0
2020-12-03 23:00:00,TRADENATION:SOLANA,2.096,2.108,1.857,1.857,0.0
2020-12-06 23:00:00,TRADENATION:SOLANA,1.85,1.892,1.818,1.827,0.0
2020-12-07 23:00:00,TRADENATION:SOLANA,1.827,1.827,1.675,1.682,0.0
2020-12-08 23:00:00,TRADENATION:SOLANA,1.682,1.682,1.532,1.666,0.0
2020-12-09 23:00:00,TRADENATION:SOLANA,1.666,1.666,1.556,1.58,0.0
2020-12-10 23:00:00,TRADENATION:SOLANA,1.58,1.58,1.449,1.449,0.0
2020-12-13 23:00:00,TRADENATION:SOLANA,1.566,1.614,1.528,1.594,0.0
2020-12-14 23:00:00,TRADENATION:SOLANA,1.594,1.785,1.592,1.755,0.0
2020-12-15 23:00:00,TRADENATION:SOLANA,1.755,1.785,1.636,1.785,0.0
2020-12-16 23:00:00,TRADENATION:SOLANA,1.785,1.791,1.664,1.676,0.0
2020-12-17 23:00:00,TRADENATION:SOLANA,1.676,1.7,1.647,1.696,0.0
2020-12-20 23:00:00,TRADENATION:SOLANA,1.564,1.614,1.43,1.54,0.0
2020-12-21 23:00:00,TRADENATION:SOLANA,1.54,1.569,1.48,1.493,0.0
2020-12-22 23:00:00,TRADENATION:SOLANA,1.493,1.501,1.139,1.199,0.0
2020-12-23 23:00:00,TRADENATION:SOLANA,1.199,1.38,1.199,1.358,0.0
2020-12-24 23:00:00,TRADENATION:SOLANA,1.358,1.447,1.352,1.443,0.0
2020-12-27 23:00:00,TRADENATION:SOLANA,1.306,1.515,1.306,1.515,0.0
2020-12-28 23:00:00,TRADENATION:SOLANA,1.515,1.7,1.445,1.673,0.0
2020-12-29 23:00:00,TRADENATION:SOLANA,1.673,1.673,1.534,1.534,0.0
2020-12-30 23:00:00,TRADENATION:SOLANA,1.534,1.546,1.437,1.514,0.0
2020-12-31 23:00:00,TRADENATION:SOLANA,1.514,1.837,1.507,1.837,0.0
2021-01-03 23:00:00,TRADENATION:SOLANA,2.161,2.489,1.945,2.489,0.0
2021-01-04 23:00:00,TRADENATION:SOLANA,2.489,2.489,2.093,2.155,0.0
2021-01-05 23:00:00,TRADENATION:SOLANA,2.155,2.165,1.934,1.934,0.0
2021-01-06 23:00:00,TRADENATION:SOLANA,1.934,2.412,1.934,2.359,0.0
2021-01-07 23:00:00,TRADENATION:SOLANA,2.359,3.889,2.184,3.889,0.0
2021-01-10 23:00:00,TRADENATION:SOLANA,3.053,3.154,2.616,3.107,0.0
2021-01-11 23:00:00,TRADENATION:SOLANA,3.107,3.831,3.088,3.631,0.0
2021-01-12 23:00:00,TRADENATION:SOLANA,3.631,3.631,3.313,3.517,0.0
2021-01-13 23:00:00,TRADENATION:SOLANA,3.517,3.543,3.208,3.284,0.0
2021-01-14 23:00:00,TRADENATION:SOLANA,3.284,3.425,3.0,3.3,0.0
2021-01-17 23:00:00,TRADENATION:SOLANA,3.827,4.111,3.02,3.784,0.0
2021-01-18 23:00:00,TRADENATION:SOLANA,3.784,3.996,3.622,3.647,0.0
2021-01-19 23:00:00,TRADENATION:SOLANA,3.647,3.726,3.382,3.723,0.0
2021-01-20 23:00:00,TRADENATION:SOLANA,3.723,3.723,2.985,2.985,0.0
2021-01-21 23:00:00,TRADENATION:SOLANA,2.985,3.485,2.661,3.339,0.0
2021-01-24 23:00:00,TRADENATION:SOLANA,3.624,3.953,3.473,3.72,0.0
2021-01-25 23:00:00,TRADENATION:SOLANA,3.72,4.062,3.714,4.037,0.0
2021-01-26 23:00:00,TRADENATION:SOLANA,4.037,4.037,3.652,3.688,0.0
2021-01-27 23:00:00,TRADENATION:SOLANA,3.688,3.907,3.62,3.819,0.0
2021-01-28 23:00:00,TRADENATION:SOLANA,3.819,3.871,3.638,3.842,0.0
2021-01-31 23:00:00,TRADENATION:SOLANA,4.268,4.622,4.128,4.622,0.0
2021-02-01 23:00:00,TRADENATION:SOLANA,4.622,5.335,4.489,5.257,0.0
2021-02-02 23:00:00,TRADENATION:SOLANA,5.257,5.77,5.097,5.719,0.0
2021-02-03 23:00:00,TRADENATION:SOLANA,5.722,6.511,5.61,6.42,0.0
2021-02-04 23:00:00,TRADENATION:SOLANA,6.421,7.077,4.848,6.5,0.0
2021-02-07 23:00:00,TRADENATION:SOLANA,6.704,8.039,6.498,7.879,0.0
2021-02-08 23:00:00,TRADENATION:SOLANA,7.879,8.444,7.654,7.836,0.0
2021-02-09 23:00:00,TRADENATION:SOLANA,7.836,9.06,7.557,8.95,0.0
2021-02-10 23:00:00,TRADENATION:SOLANA,8.95,10.1,8.875,9.185,0.0
2021-02-11 23:00:00,TRADENATION:SOLANA,9.185,9.914,9.08,9.21,0.0
2021-02-14 23:00:00,TRADENATION:SOLANA,8.735,9.29,7.904,8.846,0.0
2021-02-15 23:00:00,TRADENATION:SOLANA,8.846,8.899,8.081,8.3,0.0
2021-02-16 23:00:00,TRADENATION:SOLANA,8.3,8.41,7.634,8.236,0.0
2021-02-17 23:00:00,TRADENATION:SOLANA,8.236,9.17,8.236,8.984,0.0
2021-02-18 23:00:00,TRADENATION:SOLANA,8.984,11.499,8.644,11.444,0.0
2021-02-21 23:00:00,TRADENATION:SOLANA,11.074,14.512,9.78,14.512,0.0
2021-02-22 23:00:00,TRADENATION:SOLANA,14.512,16.11,12.003,15.089,0.0
2021-02-23 23:00:00,TRADENATION:SOLANA,15.089,20.0,14.0,17.167,0.0
2021-02-24 23:00:00,TRADENATION:SOLANA,17.167,17.616,14.0,14.0,0.0
2021-02-25 23:00:00,TRADENATION:SOLANA,14.0,15.352,13.368,13.576,0.0
2021-02-28 23:00:00,TRADENATION:SOLANA,13.063,15.378,13.063,14.983,0.0
2021-03-01 23:00:00,TRADENATION:SOLANA,14.983,15.182,13.522,13.974,0.0
2021-03-02 23:00:00,TRADENATION:SOLANA,13.975,14.562,13.846,14.131,0.0
2021-03-03 23:00:00,TRADENATION:SOLANA,14.131,14.142,12.806,13.112,0.0
2021-03-04 23:00:00,TRADENATION:SOLANA,13.112,13.112,12.218,12.572,0.0
2021-03-07 23:00:00,TRADENATION:SOLANA,13.791,13.837,13.072,13.598,0.0
2021-03-08 23:00:00,TRADENATION:SOLANA,13.598,14.973,13.361,14.86,0.0
2021-03-09 23:00:00,TRADENATION:SOLANA,14.86,14.86,14.134,14.235,0.0
2021-03-10 23:00:00,TRADENATION:SOLANA,14.235,16.339,13.74,15.987,0.0
2021-03-11 23:00:00,TRADENATION:SOLANA,15.987,16.454,14.36,14.552,0.0
2021-03-14 22:00:00,TRADENATION:SOLANA,14.555,14.7,13.808,14.28,0.0
2021-03-15 22:00:00,TRADENATION:SOLANA,14.28,14.28,13.3,13.805,0.0
2021-03-16 22:00:00,TRADENATION:SOLANA,13.805,14.2,13.367,13.99,0.0
2021-03-17 22:00:00,TRADENATION:SOLANA,13.99,14.703,13.99,14.328,0.0
2021-03-18 22:00:00,TRADENATION:SOLANA,14.328,14.437,14.034,14.287,0.0
2021-03-21 22:00:00,TRADENATION:SOLANA,14.18,16.54,14.18,14.888,0.0
2021-03-22 22:00:00,TRADENATION:SOLANA,14.888,15.194,14.193,14.193,0.0
2021-03-23 22:00:00,TRADENATION:SOLANA,14.184,15.257,13.628,13.629,0.0
2021-03-24 22:00:00,TRADENATION:SOLANA,13.629,13.629,12.679,12.988,0.0
2021-03-25 22:00:00,TRADENATION:SOLANA,12.988,14.75,12.422,14.75,0.0
2021-03-28 23:00:00,TRADENATION:SOLANA,18.22,18.909,17.715,18.878,0.0
2021-03-29 23:00:00,TRADENATION:SOLANA,18.878,21.4,18.878,19.156,0.0
2021-03-30 23:00:00,TRADENATION:SOLANA,19.156,19.677,18.534,19.437,0.0
2021-03-31 23:00:00,TRADENATION:SOLANA,19.437,20.6,18.66,19.07,0.0
2021-04-01 23:00:00,TRADENATION:SOLANA,19.07,19.749,18.612,19.749,0.0
2021-04-04 23:00:00,TRADENATION:SOLANA,23.876,24.463,22.906,22.957,0.0
2021-04-05 23:00:00,TRADENATION:SOLANA,22.957,24.994,21.913,24.971,0.0
2021-04-06 23:00:00,TRADENATION:SOLANA,24.971,27.304,23.364,26.478,0.0
2021-04-07 23:00:00,TRADENATION:SOLANA,26.478,29.0,23.5,27.723,0.0
2021-04-11 23:00:00,TRADENATION:SOLANA,27.812,29.45,27.043,28.547,0.0
2021-04-12 23:00:00,TRADENATION:SOLANA,28.547,29.5,25.274,27.75,0.0
2021-04-13 23:00:00,TRADENATION:SOLANA,27.75,31.0,24.962,26.465,0.0
2021-04-14 23:00:00,TRADENATION:SOLANA,26.465,27.626,25.4,27.001,0.0
2021-04-15 23:00:00,TRADENATION:SOLANA,27.001,27.891,25.096,25.342,0.0
2021-04-18 23:00:00,TRADENATION:SOLANA,28.3,35.497,28.3,28.8,0.0
2021-04-19 23:00:00,TRADENATION:SOLANA,28.8,32.232,26.0,31.752,0.0
2021-04-20 23:00:00,TRADENATION:SOLANA,31.752,34.819,30.549,32.536,0.0
2021-04-21 23:00:00,TRADENATION:SOLANA,32.536,40.262,32.536,39.015,0.0
2021-04-22 23:00:00,TRADENATION:SOLANA,39.015,41.0,31.0,36.006,0.0
2021-04-25 23:00:00,TRADENATION:SOLANA,47.466,48.36,43.504,44.5,0.0
2021-04-26 23:00:00,TRADENATION:SOLANA,44.5,46.167,42.83,43.253,0.0
2021-04-27 23:00:00,TRADENATION:SOLANA,43.253,46.245,41.448,44.97,0.0
2021-04-28 23:00:00,TRADENATION:SOLANA,44.97,45.365,41.762,42.637,0.0
2021-04-29 23:00:00,TRADENATION:SOLANA,42.614,42.614,42.586,42.586,0.0
2021-05-02 23:00:00,TRADENATION:SOLANA,46.913,46.913,45.904,45.904,297970.0
2021-05-03 23:00:00,TRADENATION:SOLANA,45.904,45.904,42.705,42.705,280590.0
2021-05-04 23:00:00,TRADENATION:SOLANA,42.705,44.883,42.705,44.883,285330.0
2021-05-05 23:00:00,TRADENATION:SOLANA,44.883,44.883,43.446,43.446,276990.0
2021-05-06 23:00:00,TRADENATION:SOLANA,43.446,43.446,43.001,43.001,284870.0
2021-05-09 23:00:00,TRADENATION:SOLANA,44.304,44.304,42.829,42.829,297730.0
2021-05-10 23:00:00,TRADENATION:SOLANA,42.829,44.622,40.555,44.622,287060.0
2021-05-11 23:00:00,TRADENATION:SOLANA,44.622,47.534,43.017,43.017,276940.0
2021-05-12 23:00:00,TRADENATION:SOLANA,43.017,44.49,40.233,40.233,115240.0
2021-05-13 23:00:00,TRADENATION:SOLANA,40.233,42.781,40.233,42.781,129820.0
2021-05-16 23:00:00,TRADENATION:SOLANA,46.98,46.98,46.837,46.837,227850.0
2021-05-17 23:00:00,TRADENATION:SOLANA,46.837,56.083,46.837,56.083,303010.0
2021-05-18 23:00:00,TRADENATION:SOLANA,56.083,56.083,35.698,35.698,328540.0
2021-05-19 23:00:00,TRADENATION:SOLANA,35.698,44.748,35.698,44.748,320880.0
2021-05-20 23:00:00,TRADENATION:SOLANA,44.748,44.748,38.667,38.667,312460.0
2021-05-23 23:00:00,TRADENATION:SOLANA,24.611,32.08,24.611,30.637,0.0
2021-05-24 23:00:00,TRADENATION:SOLANA,30.637,32.604,26.383,29.944,0.0
2021-05-25 23:00:00,TRADENATION:SOLANA,29.944,36.311,29.45,35.5,0.0
2021-05-26 23:00:00,TRADENATION:SOLANA,35.5,35.5,31.526,33.517,0.0
2021-05-27 23:00:00,TRADENATION:SOLANA,33.517,34.075,28.513,29.087,0.0
2021-05-30 23:00:00,TRADENATION:SOLANA,28.519,32.812,27.0,32.724,0.0
2021-05-31 23:00:00,TRADENATION:SOLANA,32.724,32.741,30.246,31.002,0.0
2021-06-01 23:00:00,TRADENATION:SOLANA,31.002,34.486,30.552,34.009,0.0
2021-06-02 23:00:00,TRADENATION:SOLANA,34.009,40.993,34.009,39.461,0.0
2021-06-03 23:00:00,TRADENATION:SOLANA,39.461,39.461,34.661,37.435,0.0
2021-06-06 23:00:00,TRADENATION:SOLANA,42.209,43.91,38.272,38.272,0.0
2021-06-07 23:00:00,TRADENATION:SOLANA,38.272,42.287,33.824,41.34,0.0
2021-06-08 23:00:00,TRADENATION:SOLANA,41.34,43.864,39.668,42.041,0.0
2021-06-09 23:00:00,TRADENATION:SOLANA,42.041,42.901,39.869,41.124,0.0
2021-06-10 23:00:00,TRADENATION:SOLANA,41.124,41.124,35.5,36.012,0.0
2021-06-13 23:00:00,TRADENATION:SOLANA,38.806,40.168,36.931,39.703,0.0
2021-06-14 23:00:00,TRADENATION:SOLANA,39.703,41.339,39.554,39.592,0.0
2021-06-15 23:00:00,TRADENATION:SOLANA,39.592,40.925,37.78,39.334,0.0
2021-06-16 23:00:00,TRADENATION:SOLANA,39.334,41.317,38.472,39.4,0.0
2021-06-17 23:00:00,TRADENATION:SOLANA,38.824,39.216,35.515,36.65,0.0
2021-06-20 23:00:00,TRADENATION:SOLANA,35.32,35.799,26.08,26.601,0.0
2021-06-21 23:00:00,TRADENATION:SOLANA,26.601,28.233,20.472,26.685,0.0
2021-06-22 23:00:00,TRADENATION:SOLANA,26.685,32.09,26.042,30.855,0.0
2021-06-23 23:00:00,TRADENATION:SOLANA,30.855,32.446,28.678,31.245,0.0
2021-06-24 23:00:00,TRADENATION:SOLANA,31.245,32.684,28.53,28.797,0.0
2021-06-27 23:00:00,TRADENATION:SOLANA,31.821,33.745,31.155,32.99,0.0
2021-06-28 23:00:00,TRADENATION:SOLANA,32.99,35.5,32.834,33.885,0.0
2021-06-29 23:00:00,TRADENATION:SOLANA,33.885,35.861,31.315,35.536,0.0
2021-06-30 23:00:00,TRADENATION:SOLANA,35.536,36.115,32.0,33.375,0.0
2021-07-01 23:00:00,TRADENATION:SOLANA,33.375,34.0,31.655,34.0,0.0
2021-07-04 23:00:00,TRADENATION:SOLANA,34.36,34.36,32.594,32.966,0.0
2021-07-05 23:00:00,TRADENATION:SOLANA,32.966,34.443,32.966,33.643,0.0
2021-07-06 23:00:00,TRADENATION:SOLANA,34.196,37.904,34.196,36.537,0.0
2021-07-07 23:00:00,TRADENATION:SOLANA,36.537,36.772,32.864,32.902,0.0
2021-07-08 23:00:00,TRADENATION:SOLANA,33.258,34.381,32.287,33.364,0.0
2021-07-11 23:00:00,TRADENATION:SOLANA,32.115,32.6,30.102,30.88,0.0
2021-07-12 23:00:00,TRADENATION:SOLANA,30.88,30.995,29.0,29.052,0.0
2021-07-13 23:00:00,TRADENATION:SOLANA,29.052,31.393,27.513,31.259,0.0
2021-07-14 23:00:00,TRADENATION:SOLANA,31.259,31.426,28.08,28.456,0.0
2021-07-15 23:00:00,TRADENATION:SOLANA,28.456,29.401,26.274,26.307,0.0
2021-07-18 23:00:00,TRADENATION:SOLANA,26.726,26.726,24.059,24.495,0.0
2021-07-19 23:00:00,TRADENATION:SOLANA,24.495,24.912,22.23,23.482,0.0
2021-07-20 23:00:00,TRADENATION:SOLANA,23.482,27.353,22.846,26.641,0.0
2021-07-21 23:00:00,TRADENATION:SOLANA,26.641,28.05,26.003,27.748,0.0
2021-07-22 23:00:00,TRADENATION:SOLANA,27.748,28.655,26.42,28.47,0.0
2021-07-25 23:00:00,TRADENATION:SOLANA,28.133,31.039,27.952,28.251,0.0
2021-07-26 23:00:00,TRADENATION:SOLANA,28.251,28.886,27.0,28.018,0.0
2021-07-27 23:00:00,TRADENATION:SOLANA,28.018,28.62,27.5,27.857,0.0
2021-07-28 23:00:00,TRADENATION:SOLANA,27.857,31.912,27.374,31.268,0.0
2021-07-29 23:00:00,TRADENATION:SOLANA,31.268,33.009,30.086,32.356,0.0
2021-08-01 23:00:00,TRADENATION:SOLANA,34.276,35.837,33.098,33.169,0.0
2021-08-02 23:00:00,TRADENATION:SOLANA,33.169,35.762,32.2,33.96,0.0
2021-08-03 23:00:00,TRADENATION:SOLANA,33.96,36.6,33.326,35.706,0.0
2021-08-04 23:00:00,TRADENATION:SOLANA,35.706,38.169,35.596,37.408,0.0
2021-08-05 23:00:00,TRADENATION:SOLANA,37.408,40.362,35.75,39.497,0.0
2021-08-08 23:00:00,TRADENATION:SOLANA,37.668,39.925,36.304,38.722,0.0
2021-08-09 23:00:00,TRADENATION:SOLANA,38.722,41.686,38.278,40.596,0.0
2021-08-10 23:00:00,TRADENATION:SOLANA,40.596,43.631,40.596,41.792,0.0
2021-08-11 23:00:00,TRADENATION:SOLANA,41.792,43.323,39.433,41.1,0.0
2021-08-12 23:00:00,TRADENATION:SOLANA,41.1,44.821,40.785,44.821,0.0
2021-08-15 23:00:00,TRADENATION:SOLANA,53.714,68.743,52.451,62.137,0.0
2021-08-16 23:00:00,TRADENATION:SOLANA,62.137,100.0,59.998,64.0,0.0
2021-08-17 23:00:00,TRADENATION:SOLANA,64.0,80.483,60.019,72.578,0.0
2021-08-18 23:00:00,TRADENATION:SOLANA,72.578,75.307,68.771,72.7,0.0
2021-08-19 23:00:00,TRADENATION:SOLANA,72.7,79.9,70.987,78.714,0.0
2021-08-22 23:00:00,TRADENATION:SOLANA,72.846,77.846,71.719,75.553,0.0
2021-08-23 23:00:00,TRADENATION:SOLANA,75.553,79.343,68.486,70.671,0.0
2021-08-24 23:00:00,TRADENATION:SOLANA,70.671,72.535,66.35,72.056,0.0
2021-08-25 23:00:00,TRADENATION:SOLANA,72.056,78.051,66.372,75.169,0.0
2021-08-26 23:00:00,TRADENATION:SOLANA,75.169,88.76,73.179,87.97,0.0
2021-08-29 23:00:00,TRADENATION:SOLANA,94.2,116.25,93.8,110.241,0.0
2021-08-30 23:00:00,TRADENATION:SOLANA,110.241,130.03,103.58,108.32,0.0
2021-08-31 23:00:00,TRADENATION:SOLANA,108.32,119.5,106.18,111.06,0.0
2021-09-01 23:00:00,TRADENATION:SOLANA,111.06,131.8,109.67,128.071,0.0
2021-09-02 23:00:00,TRADENATION:SOLANA,128.071,148.89,128.071,146.14,0.0
2021-09-05 23:00:00,TRADENATION:SOLANA,142.13,165.859,137.39,164.17,0.0
2021-09-06 23:00:00,TRADENATION:SOLANA,164.59,195.0,130.0,173.03,0.0
2021-09-07 23:00:00,TRADENATION:SOLANA,173.03,198.04,146.53,190.69,0.0
2021-09-08 23:00:00,TRADENATION:SOLANA,190.69,215.511,182.0,192.1,0.0
2021-09-09 23:00:00,TRADENATION:SOLANA,192.1,197.1,170.0,179.15,0.0
2021-09-12 23:00:00,TRADENATION:SOLANA,174.37,175.0,150.54,169.47,12520000.0
2021-09-13 23:00:00,TRADENATION:SOLANA,169.47,171.54,143.2,158.0,12220000.0
2021-09-14 23:00:00,TRADENATION:SOLANA,158.507,166.246,154.057,158.619,8720000.0
2021-09-15 23:00:00,TRADENATION:SOLANA,158.648,163.008,147.493,152.211,6800000.0
2021-09-16 23:00:00,TRADENATION:SOLANA,152.215,153.253,134.717,147.416,11390000.0
2021-09-19 23:00:00,TRADENATION:SOLANA,152.742,153.305,131.023,132.502,14720000.0
2021-09-20 23:00:00,TRADENATION:SOLANA,132.701,144.496,116.135,123.881,14260000.0
2021-09-21 23:00:00,TRADENATION:SOLANA,123.967,151.446,122.272,148.048,12060000.0
2021-09-22 23:00:00,TRADENATION:SOLANA,148.013,152.31,143.083,149.87,7400000.0
2021-09-23 23:00:00,TRADENATION:SOLANA,149.945,151.009,128.404,139.268,9670000.0
2021-09-26 23:00:00,TRADENATION:SOLANA,135.724,148.787,133.766,136.374,6920000.0
2021-09-27 23:00:00,TRADENATION:SOLANA,136.372,139.386,128.21,132.104,5250000.0
2021-09-28 23:00:00,TRADENATION:SOLANA,132.222,140.002,131.232,135.283,5310000.0
2021-09-29 23:00:00,TRADENATION:SOLANA,135.294,142.798,134.131,141.36,4830000.0
2021-09-30 23:00:00,TRADENATION:SOLANA,141.366,164.871,138.352,161.623,8960000.0
2021-10-03 23:00:00,TRADENATION:SOLANA,173.021,173.021,162.503,167.116,5750000.0
2021-10-04 23:00:00,TRADENATION:SOLANA,167.121,170.109,160.188,164.619,4880000.0
2021-10-05 23:00:00,TRADENATION:SOLANA,164.617,165.357,150.266,153.895,6640000.0
2021-10-06 23:00:00,TRADENATION:SOLANA,153.883,161.162,150.53,154.209,4960000.0
2021-10-07 23:00:00,TRADENATION:SOLANA,154.215,168.79,152.576,158.589,5410000.0
2021-10-10 23:00:00,TRADENATION:SOLANA,147.698,153.983,140.464,144.889,3590000.0
2021-10-11 23:00:00,TRADENATION:SOLANA,144.858,153.403,137.73,152.518,5650000.0
2021-10-12 23:00:00,TRADENATION:SOLANA,152.496,155.406,144.419,148.125,3930000.0
2021-10-13 23:00:00,TRADENATION:SOLANA,148.056,155.501,147.308,149.98,3800000.0
2021-10-14 23:00:00,TRADENATION:SOLANA,150.02,165.347,146.991,163.171,7130000.0
2021-10-17 23:00:00,TRADENATION:SOLANA,160.097,162.92,155.015,157.217,3010000.0
2021-10-18 23:00:00,TRADENATION:SOLANA,157.189,159.393,153.148,155.857,2520000.0
2021-10-19 23:00:00,TRADENATION:SOLANA,155.857,176.81,155.21,176.81,5430000.0
2021-10-20 23:00:00,TRADENATION:SOLANA,176.805,193.871,176.805,190.429,11010000.0
2021-10-21 23:00:00,TRADENATION:SOLANA,190.428,214.972,188.115,196.174,11750000.0
2021-10-24 23:00:00,TRADENATION:SOLANA,202.259,218.939,198.189,209.698,6890000.0
2021-10-25 23:00:00,TRADENATION:SOLANA,209.714,213.993,196.706,199.744,4860000.0
2021-10-26 23:00:00,TRADENATION:SOLANA,199.866,205.465,178.226,184.397,7410000.0
2021-10-27 23:00:00,TRADENATION:SOLANA,184.451,201.385,181.906,194.659,5360000.0
2021-10-28 23:00:00,TRADENATION:SOLANA,194.795,204.975,194.684,200.224,3750000.0
2021-10-31 22:00:00,TRADENATION:SOLANA,202.565,211.495,198.093,203.454,4780000.0
2021-11-01 22:00:00,TRADENATION:SOLANA,203.471,222.222,201.147,220.678,4460000.0
2021-11-02 22:00:00,TRADENATION:SOLANA,220.764,246.379,216.067,243.272,7930000.0
2021-11-03 22:00:00,TRADENATION:SOLANA,243.113,250.208,234.909,247.144,5460000.0
2021-11-04 22:00:00,TRADENATION:SOLANA,247.15,248.256,230.598,236.147,3430000.0
2021-11-07 23:00:00,TRADENATION:SOLANA,249.673,253.269,240.742,248.419,3750000.0
2021-11-08 23:00:00,TRADENATION:SOLANA,248.376,253.164,237.809,239.027,3520000.0
2021-11-09 23:00:00,TRADENATION:SOLANA,239.041,247.956,217.998,233.686,4790000.0
2021-11-10 23:00:00,TRADENATION:SOLANA,233.635,246.427,229.543,233.576,3190000.0
2021-11-11 23:00:00,TRADENATION:SOLANA,233.498,238.996,220.997,228.551,3360000.0
2021-11-14 23:00:00,TRADENATION:SOLANA,238.679,246.211,234.454,238.187,3030000.0
2021-11-15 23:00:00,TRADENATION:SOLANA,238.213,238.213,214.824,219.062,4300000.0
2021-11-16 23:00:00,TRADENATION:SOLANA,219.048,221.947,210.105,218.918,3630000.0
2021-11-17 23:00:00,TRADENATION:SOLANA,218.932,222.755,187.176,195.164,5620000.0
2021-11-18 23:00:00,TRADENATION:SOLANA,195.145,219.691,189.571,215.274,4450000.0
2021-11-21 23:00:00,TRADENATION:SOLANA,231.41,231.983,211.95,215.854,3970000.0
2021-11-22 23:00:00,TRADENATION:SOLANA,215.839,226.021,211.232,221.885,2650000.0
2021-11-23 23:00:00,TRADENATION:SOLANA,221.837,222.244,200.225,205.877,3120000.0
2021-11-24 23:00:00,TRADENATION:SOLANA,205.854,216.366,202.028,209.952,2900000.0
2021-11-25 23:00:00,TRADENATION:SOLANA,210.017,210.417,183.084,191.991,4570000.0
2021-11-28 23:00:00,TRADENATION:SOLANA,200.85,212.787,199.789,204.135,2820000.0
2021-11-29 23:00:00,TRADENATION:SOLANA,204.139,218.252,199.78,208.423,3650000.0
2021-11-30 23:00:00,TRADENATION:SOLANA,208.486,232.452,207.999,229.829,4500000.0
2021-12-01 23:00:00,TRADENATION:SOLANA,229.862,243.069,220.15,233.785,4760000.0
2021-12-02 23:00:00,TRADENATION:SOLANA,233.765,239.426,205.628,212.047,4840000.0
2021-12-05 23:00:00,TRADENATION:SOLANA,196.475,197.646,176.649,193.963,4880000.0
2021-12-06 23:00:00,TRADENATION:SOLANA,193.874,204.025,187.958,190.236,3680000.0
2021-12-07 23:00:00,TRADENATION:SOLANA,190.226,196.235,184.001,194.596,3380000.0
2021-12-08 23:00:00,TRADENATION:SOLANA,194.624,196.636,178.746,181.363,3010000.0
2021-12-09 23:00:00,TRADENATION:SOLANA,181.267,184.44,167.446,167.596,3200000.0
2021-12-12 23:00:00,TRADENATION:SOLANA,172.906,172.951,148.384,155.203,4690000.0
2021-12-13 23:00:00,TRADENATION:SOLANA,155.259,162.906,149.821,161.299,3910000.0
2021-12-14 23:00:00,TRADENATION:SOLANA,161.303,182.59,157.183,178.506,5550000.0
2021-12-15 23:00:00,TRADENATION:SOLANA,178.522,189.008,174.478,176.904,3940000.0
2021-12-16 23:00:00,TRADENATION:SOLANA,176.926,182.357,168.149,175.586,3770000.0
2021-12-19 23:00:00,TRADENATION:SOLANA,179.956,181.085,168.5,173.785,2630000.0
2021-12-20 23:00:00,TRADENATION:SOLANA,173.862,182.392,170.286,179.745,2400000.0
2021-12-21 23:00:00,TRADENATION:SOLANA,179.736,187.539,177.145,178.406,2800000.0
2021-12-22 23:00:00,TRADENATION:SOLANA,178.411,193.442,175.77,190.047,2930000.0
2021-12-23 23:00:00,TRADENATION:SOLANA,190.075,197.422,184.463,190.285,2800000.0
2021-12-26 23:00:00,TRADENATION:SOLANA,197.801,204.712,194.865,195.645,1900000.0
2021-12-27 23:00:00,TRADENATION:SOLANA,195.602,195.602,176.793,177.151,3640000.0
2021-12-28 23:00:00,TRADENATION:SOLANA,177.191,180.581,170.434,170.626,2590000.0
2021-12-29 23:00:00,TRADENATION:SOLANA,170.602,175.697,168.382,172.482,1860000.0
2021-12-30 23:00:00,TRADENATION:SOLANA,172.509,177.604,167.773,169.985,2050000.0
2022-01-02 23:00:00,TRADENATION:SOLANA,176.354,176.443,166.897,170.039,1650000.0
2022-01-03 23:00:00,TRADENATION:SOLANA,170.084,173.867,166.56,167.767,1650000.0
2022-01-04 23:00:00,TRADENATION:SOLANA,167.753,171.253,145.013,154.54,3090000.0
2022-01-05 23:00:00,TRADENATION:SOLANA,154.483,154.721,146.344,150.336,2910000.0
2022-01-06 23:00:00,TRADENATION:SOLANA,150.336,150.65,133.973,136.405,4690000.0
2022-01-09 23:00:00,TRADENATION:SOLANA,140.787,143.741,130.147,135.964,3300000.0
2022-01-10 23:00:00,TRADENATION:SOLANA,135.873,143.456,133.626,140.209,2410000.0
2022-01-11 23:00:00,TRADENATION:SOLANA,140.209,153.119,138.286,151.437,3210000.0
2022-01-12 23:00:00,TRADENATION:SOLANA,151.53,157.712,145.59,146.061,3040000.0
2022-01-13 23:00:00,TRADENATION:SOLANA,146.096,150.584,142.044,146.162,2350000.0
2022-01-16 23:00:00,TRADENATION:SOLANA,148.016,148.26,137.144,139.824,2130000.0
2022-01-17 23:00:00,TRADENATION:SOLANA,139.832,142.598,134.454,141.282,2040000.0
2022-01-18 23:00:00,TRADENATION:SOLANA,141.337,142.663,132.969,135.276,2050000.0
2022-01-19 23:00:00,TRADENATION:SOLANA,135.31,143.831,126.537,127.672,2500000.0
2022-01-20 23:00:00,TRADENATION:SOLANA,127.639,128.651,106.543,112.362,8180000.0
2022-01-23 23:00:00,TRADENATION:SOLANA,99.77,99.835,80.919,91.784,10990000.0
2022-01-24 23:00:00,TRADENATION:SOLANA,91.849,99.882,87.585,94.704,5830000.0
2022-01-25 23:00:00,TRADENATION:SOLANA,94.704,103.487,89.487,91.905,7290000.0
2022-01-26 23:00:00,TRADENATION:SOLANA,91.905,94.404,85.887,89.422,5830000.0
2022-01-27 23:00:00,TRADENATION:SOLANA,89.513,93.526,87.338,91.318,4590000.0
2022-01-30 23:00:00,TRADENATION:SOLANA,93.418,101.346,89.264,99.627,4260000.0
2022-01-31 23:00:00,TRADENATION:SOLANA,99.515,113.498,99.172,109.981,7110000.0
2022-02-01 23:00:00,TRADENATION:SOLANA,109.981,112.266,97.121,101.908,7800000.0
2022-02-02 23:00:00,TRADENATION:SOLANA,101.97,103.073,94.207,101.675,5880000.0
2022-02-03 23:00:00,TRADENATION:SOLANA,101.827,112.71,100.388,112.401,6260000.0
2022-02-06 23:00:00,TRADENATION:SOLANA,115.286,121.836,112.906,117.512,4360000.0
2022-02-07 23:00:00,TRADENATION:SOLANA,117.512,120.152,109.887,113.293,4410000.0
2022-02-08 23:00:00,TRADENATION:SOLANA,113.293,117.005,109.581,113.991,3200000.0
2022-02-09 23:00:00,TRADENATION:SOLANA,113.991,114.93,105.816,106.19,4140000.0
2022-02-10 23:00:00,TRADENATION:SOLANA,106.17,108.103,95.307,96.483,4500000.0
2022-02-13 23:00:00,TRADENATION:SOLANA,92.811,97.762,91.058,96.458,2990000.0
2022-02-14 23:00:00,TRADENATION:SOLANA,96.458,105.606,96.388,105.352,3600000.0
2022-02-15 23:00:00,TRADENATION:SOLANA,105.352,105.558,98.315,101.763,3240000.0
2022-02-16 23:00:00,TRADENATION:SOLANA,101.763,102.74,92.411,93.591,3050000.0
2022-02-17 23:00:00,TRADENATION:SOLANA,93.591,96.334,89.474,89.96,3020000.0
2022-02-20 23:00:00,TRADENATION:SOLANA,90.693,95.988,82.806,82.879,5640000.0
2022-02-21 23:00:00,TRADENATION:SOLANA,82.879,87.38,81.16,86.413,4220000.0
2022-02-22 23:00:00,TRADENATION:SOLANA,86.413,93.211,84.431,84.431,4590000.0
2022-02-23 23:00:00,TRADENATION:SOLANA,84.514,92.837,75.693,89.409,10390000.0
2022-02-24 23:00:00,TRADENATION:SOLANA,89.409,94.995,87.035,92.778,5310000.0
2022-02-27 23:00:00,TRADENATION:SOLANA,85.607,102.146,84.25,99.705,6160000.0
2022-02-28 23:00:00,TRADENATION:SOLANA,99.705,101.807,94.434,98.63,5560000.0
2022-03-01 23:00:00,TRADENATION:SOLANA,98.63,106.335,96.899,100.702,6190000.0
2022-03-02 23:00:00,TRADENATION:SOLANA,100.702,101.669,94.138,95.649,3740000.0
2022-03-03 23:00:00,TRADENATION:SOLANA,95.649,96.85,87.088,88.275,386320000.0
2022-03-06 23:00:00,TRADENATION:SOLANA,84.549,86.564,80.054,81.786,363890000.0
2022-03-07 23:00:00,TRADENATION:SOLANA,81.66,84.99,81.345,82.308,306260000.0
2022-03-08 23:00:00,TRADENATION:SOLANA,82.284,89.792,81.961,88.089,397720000.0
2022-03-09 23:00:00,TRADENATION:SOLANA,88.089,88.555,80.766,82.871,314870000.0
2022-03-10 23:00:00,TRADENATION:SOLANA,82.872,84.275,80.106,80.665,272330000.0
2022-03-13 22:00:00,TRADENATION:SOLANA,78.706,82.242,78.038,81.223,237210000.0
2022-03-14 22:00:00,TRADENATION:SOLANA,81.226,85.84,78.887,82.85,236410000.0
2022-03-15 22:00:00,TRADENATION:SOLANA,82.85,87.958,81.54,87.795,300400000.0
2022-03-16 22:00:00,TRADENATION:SOLANA,87.796,90.985,86.667,87.813,320920000.0
2022-03-17 22:00:00,TRADENATION:SOLANA,87.827,92.187,84.514,89.792,358910000.0
2022-03-20 22:00:00,TRADENATION:SOLANA,88.607,91.287,86.834,88.62,61340000.0
2022-03-21 22:00:00,TRADENATION:SOLANA,88.61,93.956,88.024,90.424,64130000.0
2022-03-22 22:00:00,TRADENATION:SOLANA,90.462,96.285,89.296,94.924,88020000.0
2022-03-23 22:00:00,TRADENATION:SOLANA,94.915,103.718,93.497,102.35,116970000.0
2022-03-24 22:00:00,TRADENATION:SOLANA,102.392,104.885,97.124,98.649,88340000.0
2022-03-27 23:00:00,TRADENATION:SOLANA,107.093,113.871,105.257,105.689,136070000.0
2022-03-28 23:00:00,TRADENATION:SOLANA,105.864,115.688,105.572,111.709,143960000.0
2022-03-29 23:00:00,TRADENATION:SOLANA,111.708,125.149,107.203,120.727,222820000.0
2022-03-30 23:00:00,TRADENATION:SOLANA,120.824,129.547,119.991,122.919,219280000.0
2022-03-31 23:00:00,TRADENATION:SOLANA,122.856,138.377,117.9,134.599,223970000.0
2022-04-03 23:00:00,TRADENATION:SOLANA,136.831,138.224,125.913,132.132,129190000.0
2022-04-04 23:00:00,TRADENATION:SOLANA,132.113,136.566,126.179,126.784,105880000.0
2022-04-05 23:00:00,TRADENATION:SOLANA,126.759,127.368,112.077,112.99,218620000.0
2022-04-06 23:00:00,TRADENATION:SOLANA,112.997,119.914,110.897,118.577,168610000.0
2022-04-07 23:00:00,TRADENATION:SOLANA,118.575,122.375,108.168,110.009,139830000.0
2022-04-10 23:00:00,TRADENATION:SOLANA,111.15,111.924,98.289,99.532,134480000.0
2022-04-11 23:00:00,TRADENATION:SOLANA,99.636,109.214,98.437,103.181,125780000.0
2022-04-12 23:00:00,TRADENATION:SOLANA,103.184,105.924,100.134,104.88,93360000.0
2022-04-13 23:00:00,TRADENATION:SOLANA,104.902,107.673,98.88,100.744,85650000.0
2022-04-14 23:00:00,TRADENATION:SOLANA,100.777,102.871,99.59,101.407,53650000.0
2022-04-17 23:00:00,TRADENATION:SOLANA,100.225,102.628,94.834,102.304,103840000.0
2022-04-18 23:00:00,TRADENATION:SOLANA,102.295,108.824,101.146,108.576,80810000.0
2022-04-19 23:00:00,TRADENATION:SOLANA,108.604,110.868,104.368,105.55,97190000.0
2022-04-20 23:00:00,TRADENATION:SOLANA,105.553,109.963,100.029,101.757,105020000.0
2022-04-21 23:00:00,TRADENATION:SOLANA,101.735,103.541,99.255,100.533,84800000.0
2022-04-24 23:00:00,TRADENATION:SOLANA,99.223,101.558,94.472,101.007,100050000.0
2022-04-25 23:00:00,TRADENATION:SOLANA,100.973,101.972,94.672,95.683,76600000.0
2022-04-26 23:00:00,TRADENATION:SOLANA,95.729,100.644,94.92,98.324,87270000.0
2022-04-27 23:00:00,TRADENATION:SOLANA,98.324,100.534,96.389,98.233,96830000.0
2022-04-28 23:00:00,TRADENATION:SOLANA,98.233,98.621,92.402,93.915,97130000.0
2022-05-01 23:00:00,TRADENATION:SOLANA,89.741,90.766,85.095,87.462,102990000.0
2022-05-02 23:00:00,TRADENATION:SOLANA,87.463,88.765,84.656,85.833,71860000.0
2022-05-03 23:00:00,TRADENATION:SOLANA,85.821,93.01,85.434,92.792,121570000.0
2022-05-04 23:00:00,TRADENATION:SOLANA,92.765,95.139,82.231,84.438,156600000.0
2022-05-05 23:00:00,TRADENATION:SOLANA,84.461,84.727,79.949,81.639,145420000.0
2022-05-08 23:00:00,TRADENATION:SOLANA,75.308,77.187,61.967,61.967,9110000.0
2022-05-09 23:00:00,TRADENATION:SOLANA,61.967,73.983,60.495,66.673,11810000.0
2022-05-10 23:00:00,TRADENATION:SOLANA,66.69,68.31,43.394,50.647,17770000.0
2022-05-11 23:00:00,TRADENATION:SOLANA,50.605,53.955,37.342,44.622,19240000.0
2022-05-12 23:00:00,TRADENATION:SOLANA,44.636,56.151,43.895,48.832,12830000.0
2022-05-15 23:00:00,TRADENATION:SOLANA,58.673,58.806,51.951,53.643,7550000.0
2022-05-16 23:00:00,TRADENATION:SOLANA,53.654,58.188,53.187,57.056,6100000.0
2022-05-17 23:00:00,TRADENATION:SOLANA,57.064,57.816,49.543,49.91,6700000.0
2022-05-18 23:00:00,TRADENATION:SOLANA,49.91,53.92,48.299,52.167,7260000.0
2022-05-19 23:00:00,TRADENATION:SOLANA,52.15,53.55,47.879,49.414,7130000.0
2022-05-22 23:00:00,TRADENATION:SOLANA,52.468,54.629,48.67,49.094,6220000.0
2022-05-23 23:00:00,TRADENATION:SOLANA,49.1,50.78,47.216,49.659,6240000.0
2022-05-24 23:00:00,TRADENATION:SOLANA,49.655,50.472,47.602,47.961,4840000.0
2022-05-25 23:00:00,TRADENATION:SOLANA,47.961,48.624,41.846,43.369,10120000.0
2022-05-26 23:00:00,TRADENATION:SOLANA,43.404,43.889,40.053,41.076,11560000.0
2022-05-29 23:00:00,TRADENATION:SOLANA,44.967,48.217,44.267,47.206,8290000.0
2022-05-30 23:00:00,TRADENATION:SOLANA,47.206,48.17,44.666,45.718,7320000.0
2022-05-31 23:00:00,TRADENATION:SOLANA,45.722,46.097,39.691,40.1,7750000.0
2022-06-01 23:00:00,TRADENATION:SOLANA,40.1,41.546,38.156,40.864,8190000.0
2022-06-02 23:00:00,TRADENATION:SOLANA,40.856,41.512,37.701,38.265,7120000.0
2022-06-05 23:00:00,TRADENATION:SOLANA,38.523,44.606,38.358,42.387,10620000.0
2022-06-06 23:00:00,TRADENATION:SOLANA,42.387,42.479,37.543,39.321,11300000.0
2022-06-07 23:00:00,TRADENATION:SOLANA,39.33,40.83,38.307,38.805,6280000.0
2022-06-08 23:00:00,TRADENATION:SOLANA,38.82,41.824,38.456,39.948,6660000.0
2022-06-09 23:00:00,TRADENATION:SOLANA,39.948,40.842,36.896,37.119,6720000.0
2022-06-12 23:00:00,TRADENATION:SOLANA,30.605,30.999,26.06,28.405,20800000.0
2022-06-13 23:00:00,TRADENATION:SOLANA,28.507,32.104,25.966,29.633,16970000.0
2022-06-14 23:00:00,TRADENATION:SOLANA,29.6,34.769,26.798,34.708,17960000.0
2022-06-15 23:00:00,TRADENATION:SOLANA,34.728,35.763,29.557,30.086,14600000.0
2022-06-16 23:00:00,TRADENATION:SOLANA,30.086,32.091,29.264,30.667,8790000.0
2022-06-19 23:00:00,TRADENATION:SOLANA,34.207,36.793,31.751,35.265,11210000.0
2022-06-20 23:00:00,TRADENATION:SOLANA,35.268,38.956,34.246,36.247,10240000.0
2022-06-21 23:00:00,TRADENATION:SOLANA,36.302,36.82,33.665,34.082,9230000.0
2022-06-22 23:00:00,TRADENATION:SOLANA,34.091,38.482,34.01,38.15,9780000.0
2022-06-23 23:00:00,TRADENATION:SOLANA,38.15,42.846,37.743,41.896,9140000.0
2022-06-26 23:00:00,TRADENATION:SOLANA,39.401,41.174,37.93,38.444,6140000.0
2022-06-27 23:00:00,TRADENATION:SOLANA,38.444,39.878,35.146,35.315,8060000.0
2022-06-28 23:00:00,TRADENATION:SOLANA,35.328,36.027,33.16,34.003,8770000.0
2022-06-29 23:00:00,TRADENATION:SOLANA,34.003,34.137,30.991,33.749,8570000.0
2022-06-30 23:00:00,TRADENATION:SOLANA,33.741,35.332,31.87,32.846,9360000.0
2022-07-03 23:00:00,TRADENATION:SOLANA,33.397,36.893,32.475,36.706,5670000.0
2022-07-04 23:00:00,TRADENATION:SOLANA,36.707,36.932,33.173,35.411,8870000.0
2022-07-05 23:00:00,TRADENATION:SOLANA,35.411,37.563,34.843,37.037,7480000.0
2022-07-06 23:00:00,TRADENATION:SOLANA,37.037,39.266,36.417,38.484,6020000.0
2022-07-07 23:00:00,TRADENATION:SOLANA,38.49,39.531,36.504,38.134,7380000.0
2022-07-10 23:00:00,TRADENATION:SOLANA,36.69,36.697,33.262,33.448,4790000.0
2022-07-11 23:00:00,TRADENATION:SOLANA,33.448,34.58,32.611,32.667,4740000.0
2022-07-12 23:00:00,TRADENATION:SOLANA,32.674,35.02,31.942,34.937,7130000.0
2022-07-13 23:00:00,TRADENATION:SOLANA,34.957,37.273,33.621,37.132,8020000.0
2022-07-14 23:00:00,TRADENATION:SOLANA,37.139,39.02,36.586,37.367,6750000.0
2022-07-17 23:00:00,TRADENATION:SOLANA,38.589,44.02,38.574,43.578,9240000.0
2022-07-18 23:00:00,TRADENATION:SOLANA,43.578,47.255,42.608,44.89,11610000.0
2022-07-19 23:00:00,TRADENATION:SOLANA,44.89,46.26,41.383,42.04,10210000.0
2022-07-20 23:00:00,TRADENATION:SOLANA,42.051,44.03,39.7,43.131,9870000.0
2022-07-21 23:00:00,TRADENATION:SOLANA,43.131,44.285,40.056,40.539,7010000.0
2022-07-24 23:00:00,TRADENATION:SOLANA,40.973,41.077,36.6,36.661,6730000.0
2022-07-25 23:00:00,TRADENATION:SOLANA,36.643,36.806,34.707,36.27,6750000.0
2022-07-26 23:00:00,TRADENATION:SOLANA,36.267,40.484,35.697,40.259,8430000.0
2022-07-27 23:00:00,TRADENATION:SOLANA,40.259,44.136,39.053,42.98,9910000.0
2022-07-28 23:00:00,TRADENATION:SOLANA,42.986,44.309,41.231,41.909,7190000.0
2022-07-31 23:00:00,TRADENATION:SOLANA,42.374,43.236,40.62,41.749,4830000.0
2022-08-01 23:00:00,TRADENATION:SOLANA,41.743,42.403,39.584,39.733,5200000.0
2022-08-02 23:00:00,TRADENATION:SOLANA,39.761,40.896,37.571,38.56,12440000.0
2022-08-03 23:00:00,TRADENATION:SOLANA,38.567,39.802,37.99,38.804,5840000.0
2022-08-04 23:00:00,TRADENATION:SOLANA,38.807,41.29,38.733,40.573,5150000.0
2022-08-07 23:00:00,TRADENATION:SOLANA,40.603,43.664,40.57,42.23,5250000.0
2022-08-08 23:00:00,TRADENATION:SOLANA,42.196,42.74,39.841,40.353,4150000.0
2022-08-09 23:00:00,TRADENATION:SOLANA,40.353,42.725,39.167,42.462,6410000.0
2022-08-10 23:00:00,TRADENATION:SOLANA,42.462,45.263,42.363,42.757,7680000.0
2022-08-11 23:00:00,TRADENATION:SOLANA,42.762,45.477,42.173,45.439,4910000.0
2022-08-14 23:00:00,TRADENATION:SOLANA,44.87,47.192,42.777,43.71,6250000.0
2022-08-15 23:00:00,TRADENATION:SOLANA,43.713,44.296,42.595,43.127,5080000.0
2022-08-16 23:00:00,TRADENATION:SOLANA,43.1,44.684,40.209,40.519,6810000.0
2022-08-17 23:00:00,TRADENATION:SOLANA,40.519,41.654,39.443,39.495,4610000.0
2022-08-18 23:00:00,TRADENATION:SOLANA,39.488,39.573,35.435,35.844,10310000.0
2022-08-21 23:00:00,TRADENATION:SOLANA,36.458,36.53,33.812,35.45,6220000.0
2022-08-22 23:00:00,TRADENATION:SOLANA,35.432,36.09,34.262,35.657,4210000.0
2022-08-23 23:00:00,TRADENATION:SOLANA,35.653,36.362,34.317,34.896,4210000.0
2022-08-24 23:00:00,TRADENATION:SOLANA,34.892,36.47,34.886,35.29,3820000.0
2022-08-25 23:00:00,TRADENATION:SOLANA,35.277,35.716,31.448,31.756,7560000.0
2022-08-28 23:00:00,TRADENATION:SOLANA,30.362,32.613,30.03,32.42,5710000.0
2022-08-29 23:00:00,TRADENATION:SOLANA,32.417,33.123,30.713,31.443,5400000.0
2022-08-30 23:00:00,TRADENATION:SOLANA,31.454,32.904,31.197,31.507,4120000.0
2022-08-31 23:00:00,TRADENATION:SOLANA,31.507,31.766,30.486,31.603,3350000.0
2022-09-01 23:00:00,TRADENATION:SOLANA,31.6,32.376,30.796,31.257,3460000.0
2022-09-04 23:00:00,TRADENATION:SOLANA,32.151,32.485,31.16,32.157,2300000.0
2022-09-05 23:00:00,TRADENATION:SOLANA,32.16,33.85,30.549,30.872,6340000.0
2022-09-06 23:00:00,TRADENATION:SOLANA,30.872,32.921,30.38,32.681,3570000.0
2022-09-07 23:00:00,TRADENATION:SOLANA,32.697,33.88,32.037,33.603,4170000.0
2022-09-08 23:00:00,TRADENATION:SOLANA,33.603,35.889,33.593,34.719,5480000.0
2022-09-11 23:00:00,TRADENATION:SOLANA,35.006,38.296,34.426,37.458,7160000.0
2022-09-12 23:00:00,TRADENATION:SOLANA,37.453,38.916,32.976,32.996,8910000.0
2022-09-13 23:00:00,TRADENATION:SOLANA,32.996,34.326,32.763,34.113,4330000.0
2022-09-14 23:00:00,TRADENATION:SOLANA,34.113,34.755,32.564,33.088,4830000.0
2022-09-15 23:00:00,TRADENATION:SOLANA,33.088,33.202,31.541,32.233,3290000.0
2022-09-18 23:00:00,TRADENATION:SOLANA,31.103,33.033,30.637,32.623,4810000.0
2022-09-19 23:00:00,TRADENATION:SOLANA,32.623,32.87,31.336,31.413,3610000.0
2022-09-20 23:00:00,TRADENATION:SOLANA,31.413,33.374,30.11,30.761,6190000.0
2022-09-21 23:00:00,TRADENATION:SOLANA,30.706,32.85,30.607,32.415,4080000.0
2022-09-22 23:00:00,TRADENATION:SOLANA,32.417,33.95,31.257,33.67,5110000.0
2022-09-25 23:00:00,TRADENATION:SOLANA,32.316,33.94,31.89,33.887,4840000.0
2022-09-26 23:00:00,TRADENATION:SOLANA,33.887,35.352,32.128,32.69,6490000.0
2022-09-27 23:00:00,TRADENATION:SOLANA,32.69,33.78,31.677,33.213,4700000.0
2022-09-28 23:00:00,TRADENATION:SOLANA,33.213,34.41,32.697,33.917,4290000.0
2022-09-29 23:00:00,TRADENATION:SOLANA,33.921,35.173,32.661,33.243,6280000.0
2022-10-02 23:00:00,TRADENATION:SOLANA,32.064,33.251,31.797,32.888,3120000.0
2022-10-03 23:00:00,TRADENATION:SOLANA,32.884,34.391,32.844,34.101,3120000.0
2022-10-04 23:00:00,TRADENATION:SOLANA,34.101,34.364,33.229,34.04,3080000.0
2022-10-05 23:00:00,TRADENATION:SOLANA,34.036,34.494,33.254,33.369,3240000.0
2022-10-06 23:00:00,TRADENATION:SOLANA,33.356,33.769,32.452,32.98,3070000.0
2022-10-09 23:00:00,TRADENATION:SOLANA,32.923,33.433,31.926,31.934,2450000.0
2022-10-10 23:00:00,TRADENATION:SOLANA,31.937,31.954,30.49,30.81,3060000.0
2022-10-11 23:00:00,TRADENATION:SOLANA,30.806,31.514,30.683,31.156,1630000.0
2022-10-12 23:00:00,TRADENATION:SOLANA,31.156,31.2,27.983,30.507,6670000.0
2022-10-13 23:00:00,TRADENATION:SOLANA,30.507,31.967,29.643,30.004,3670000.0
2022-10-16 23:00:00,TRADENATION:SOLANA,30.167,31.283,29.837,31.213,2480000.0
2022-10-17 23:00:00,TRADENATION:SOLANA,31.213,31.47,29.803,30.14,3030000.0
2022-10-18 23:00:00,TRADENATION:SOLANA,30.14,30.24,28.766,28.857,2590000.0
2022-10-19 23:00:00,TRADENATION:SOLANA,28.857,29.463,27.997,28.037,3590000.0
2022-10-20 23:00:00,TRADENATION:SOLANA,28.031,28.283,26.864,28.103,4550000.0
2022-10-23 23:00:00,TRADENATION:SOLANA,29.295,29.472,28.178,28.3,3350000.0
2022-10-24 23:00:00,TRADENATION:SOLANA,28.302,32.28,28.053,30.887,6620000.0
2022-10-25 23:00:00,TRADENATION:SOLANA,30.883,32.064,30.684,31.294,5510000.0
2022-10-26 23:00:00,TRADENATION:SOLANA,31.303,32.243,30.486,30.596,5300000.0
2022-10-27 23:00:00,TRADENATION:SOLANA,30.59,32.524,30.13,32.053,4470000.0
2022-10-30 22:00:00,TRADENATION:SOLANA,32.94,34.363,32.223,32.571,4820000.0
2022-10-31 22:00:00,TRADENATION:SOLANA,32.564,33.386,32.16,32.203,3010000.0
2022-11-01 22:00:00,TRADENATION:SOLANA,32.21,32.93,30.24,30.813,5040000.0
2022-11-02 22:00:00,TRADENATION:SOLANA,30.81,32.223,30.624,30.86,3300000.0
2022-11-03 22:00:00,TRADENATION:SOLANA,30.86,34.183,30.667,33.737,6110000.0
2022-11-06 23:00:00,TRADENATION:SOLANA,32.627,33.105,28.445,29.599,13550000.0
2022-11-07 23:00:00,TRADENATION:SOLANA,29.616,31.512,21.003,24.314,40350000.0
2022-11-08 23:00:00,TRADENATION:SOLANA,24.335,24.344,12.445,14.016,50780000.0
2022-11-09 23:00:00,TRADENATION:SOLANA,14.016,18.805,13.193,17.638,41670000.0
2022-11-10 23:00:00,TRADENATION:SOLANA,17.645,18.265,15.189,16.451,22280000.0
2022-11-13 23:00:00,TRADENATION:SOLANA,13.157,14.953,12.163,13.989,16920000.0
2022-11-14 23:00:00,TRADENATION:SOLANA,13.989,15.05,13.832,14.315,10940000.0
2022-11-15 23:00:00,TRADENATION:SOLANA,14.311,14.601,13.653,14.173,6170000.0
2022-11-16 23:00:00,TRADENATION:SOLANA,14.173,14.477,12.973,13.73,10010000.0
2022-11-17 23:00:00,TRADENATION:SOLANA,13.723,13.723,12.996,13.186,4880000.0
2022-11-20 23:00:00,TRADENATION:SOLANA,12.274,12.277,11.296,11.836,8000000.0
2022-11-21 23:00:00,TRADENATION:SOLANA,11.836,12.494,10.96,12.422,8810000.0
2022-11-22 23:00:00,TRADENATION:SOLANA,12.429,14.438,12.403,14.362,12710000.0
2022-11-23 23:00:00,TRADENATION:SOLANA,14.362,14.904,13.848,14.586,7880000.0
2022-11-24 23:00:00,TRADENATION:SOLANA,14.586,14.59,13.912,14.01,4790000.0
2022-11-27 23:00:00,TRADENATION:SOLANA,14.107,14.166,12.786,13.324,8100000.0
2022-11-28 23:00:00,TRADENATION:SOLANA,13.324,13.93,13.156,13.346,4340000.0
2022-11-29 23:00:00,TRADENATION:SOLANA,13.35,14.285,13.273,14.157,6170000.0
2022-11-30 23:00:00,TRADENATION:SOLANA,14.144,14.184,13.406,13.504,4020000.0
2022-12-01 23:00:00,TRADENATION:SOLANA,13.51,13.783,13.337,13.713,4040000.0
2022-12-04 23:00:00,TRADENATION:SOLANA,13.707,14.165,13.6,13.823,5420000.0
2022-12-05 23:00:00,TRADENATION:SOLANA,13.825,14.351,13.81,14.3,4870000.0
2022-12-06 23:00:00,TRADENATION:SOLANA,14.3,14.324,13.47,13.493,4030000.0
2022-12-07 23:00:00,TRADENATION:SOLANA,13.493,13.763,13.28,13.69,3130000.0
2022-12-08 23:00:00,TRADENATION:SOLANA,13.69,14.007,13.51,13.58,3640000.0
2022-12-11 23:00:00,TRADENATION:SOLANA,13.42,13.48,12.831,13.314,4320000.0
2022-12-12 23:00:00,TRADENATION:SOLANA,13.314,14.106,12.78,13.883,6000000.0
2022-12-13 23:00:00,TRADENATION:SOLANA,13.877,14.936,13.807,14.124,8270000.0
2022-12-14 23:00:00,TRADENATION:SOLANA,14.124,14.5,13.88,14.046,4650000.0
2022-12-15 23:00:00,TRADENATION:SOLANA,14.04,14.164,12.021,12.276,8150000.0
2022-12-18 23:00:00,TRADENATION:SOLANA,12.38,12.58,11.69,11.94,4970000.0
2022-12-19 23:00:00,TRADENATION:SOLANA,11.94,12.475,11.845,12.27,3770000.0
2022-12-20 23:00:00,TRADENATION:SOLANA,12.265,12.28,11.905,12.14,3190000.0
2022-12-21 23:00:00,TRADENATION:SOLANA,12.14,12.185,11.684,11.81,3750000.0
2022-12-22 23:00:00,TRADENATION:SOLANA,11.81,12.105,11.725,11.785,3120000.0
2022-12-25 23:00:00,TRADENATION:SOLANA,11.39,11.485,11.102,11.339,2910000.0
2022-12-26 23:00:00,TRADENATION:SOLANA,11.339,11.43,10.732,11.09,5100000.0
2022-12-27 23:00:00,TRADENATION:SOLANA,11.09,11.11,9.48,9.76,13990000.0
2022-12-28 23:00:00,TRADENATION:SOLANA,9.76,9.928,8.085,9.658,20960000.0
2022-12-29 23:00:00,TRADENATION:SOLANA,9.647,10.121,9.029,9.895,23460000.0
2023-01-01 23:00:00,TRADENATION:SOLANA,10.0,11.637,9.815,11.274,13250000.0
2023-01-02 23:00:00,TRADENATION:SOLANA,11.274,13.646,11.018,13.37,22970000.0
2023-01-03 23:00:00,TRADENATION:SOLANA,13.377,14.166,12.861,13.438,20700000.0
2023-01-04 23:00:00,TRADENATION:SOLANA,13.442,13.85,12.954,13.42,9580000.0
2023-01-05 23:00:00,TRADENATION:SOLANA,13.42,13.576,12.74,13.52,9150000.0
2023-01-08 23:00:00,TRADENATION:SOLANA,14.446,17.453,14.304,16.266,31730000.0
2023-01-09 23:00:00,TRADENATION:SOLANA,16.258,16.69,15.604,16.194,13990000.0
2023-01-10 23:00:00,TRADENATION:SOLANA,16.194,16.572,15.334,16.357,10450000.0
2023-01-11 23:00:00,TRADENATION:SOLANA,16.365,16.93,15.714,16.6,14510000.0
2023-01-12 23:00:00,TRADENATION:SOLANA,16.6,18.577,16.33,18.287,16310000.0
2023-01-15 23:00:00,TRADENATION:SOLANA,22.89,24.859,22.37,23.578,16390000.0
2023-01-16 23:00:00,TRADENATION:SOLANA,23.578,23.936,22.779,22.87,9210000.0
2023-01-17 23:00:00,TRADENATION:SOLANA,22.87,23.577,20.534,20.849,16640000.0
2023-01-18 23:00:00,TRADENATION:SOLANA,20.849,21.836,20.44,21.42,9270000.0
2023-01-19 23:00:00,TRADENATION:SOLANA,21.42,25.703,20.951,25.55,14860000.0
2023-01-22 23:00:00,TRADENATION:SOLANA,24.222,24.884,23.901,24.316,9470000.0
2023-01-23 23:00:00,TRADENATION:SOLANA,24.316,25.17,22.452,22.767,8780000.0
2023-01-24 23:00:00,TRADENATION:SOLANA,22.767,25.368,22.32,24.51,12130000.0
2023-01-25 23:00:00,TRADENATION:SOLANA,24.51,25.197,23.897,24.349,7660000.0
2023-01-26 23:00:00,TRADENATION:SOLANA,24.349,24.917,23.441,24.42,7300000.0
2023-01-29 23:00:00,TRADENATION:SOLANA,26.103,26.305,23.395,23.966,10790000.0
2023-01-30 23:00:00,TRADENATION:SOLANA,23.966,24.4,23.507,23.923,5770000.0
2023-01-31 23:00:00,TRADENATION:SOLANA,23.923,25.19,22.54,24.986,10570000.0
2023-02-01 23:00:00,TRADENATION:SOLANA,25.007,26.13,24.157,24.254,10400000.0
2023-02-02 23:00:00,TRADENATION:SOLANA,24.254,25.069,24.057,24.67,6790000.0
2023-02-05 23:00:00,TRADENATION:SOLANA,23.464,23.722,22.536,22.652,4680000.0
2023-02-06 23:00:00,TRADENATION:SOLANA,22.652,23.937,22.568,23.825,6460000.0
2023-02-07 23:00:00,TRADENATION:SOLANA,23.832,24.18,22.832,23.215,5160000.0
2023-02-08 23:00:00,TRADENATION:SOLANA,23.215,23.342,20.065,20.48,8530000.0
2023-02-09 23:00:00,TRADENATION:SOLANA,20.48,21.19,19.699,20.122,7250000.0
2023-02-12 23:00:00,TRADENATION:SOLANA,21.5,21.569,19.78,20.777,8570000.0
2023-02-13 23:00:00,TRADENATION:SOLANA,20.774,22.306,20.684,21.842,9760000.0
2023-02-14 23:00:00,TRADENATION:SOLANA,21.84,23.93,21.462,23.88,7470000.0
2023-02-15 23:00:00,TRADENATION:SOLANA,23.88,24.133,22.227,22.293,9340000.0
2023-02-16 23:00:00,TRADENATION:SOLANA,22.282,23.535,22.077,23.148,6070000.0
2023-02-19 23:00:00,TRADENATION:SOLANA,24.86,27.043,24.214,26.245,13670000.0
2023-02-20 23:00:00,TRADENATION:SOLANA,26.26,26.598,24.617,24.98,8790000.0
2023-02-21 23:00:00,TRADENATION:SOLANA,24.98,25.21,23.252,24.162,9480000.0
2023-02-22 23:00:00,TRADENATION:SOLANA,24.162,24.68,23.626,23.918,5590000.0
2023-02-23 23:00:00,TRADENATION:SOLANA,23.912,24.118,22.526,23.08,6200000.0
2023-02-26 23:00:00,TRADENATION:SOLANA,23.274,23.4,22.337,22.677,5080000.0
2023-02-27 23:00:00,TRADENATION:SOLANA,22.677,22.74,21.784,21.88,3450000.0
2023-02-28 23:00:00,TRADENATION:SOLANA,21.88,22.854,21.67,22.52,3370000.0
2023-03-01 23:00:00,TRADENATION:SOLANA,22.52,22.633,21.68,21.997,3170000.0
2023-03-02 23:00:00,TRADENATION:SOLANA,21.997,22.017,20.47,21.423,5330000.0
2023-03-05 23:00:00,TRADENATION:SOLANA,20.97,21.14,20.49,20.61,3700000.0
2023-03-06 23:00:00,TRADENATION:SOLANA,20.61,20.95,19.732,20.236,5230000.0
2023-03-07 23:00:00,TRADENATION:SOLANA,20.236,20.38,18.214,18.41,9320000.0
2023-03-08 23:00:00,TRADENATION:SOLANA,18.41,18.745,16.819,17.341,12510000.0
2023-03-09 23:00:00,TRADENATION:SOLANA,17.326,18.352,16.06,18.208,15880000.0
2023-03-12 22:00:00,TRADENATION:SOLANA,20.184,21.367,18.907,20.425,16740000.0
2023-03-13 22:00:00,TRADENATION:SOLANA,20.428,22.081,19.802,20.914,14880000.0
2023-03-14 22:00:00,TRADENATION:SOLANA,20.914,21.463,18.773,19.261,11640000.0
2023-03-15 22:00:00,TRADENATION:SOLANA,19.261,19.888,18.927,19.697,6620000.0
2023-03-16 22:00:00,TRADENATION:SOLANA,19.697,21.669,19.437,21.624,9170000.0
2023-03-19 22:00:00,TRADENATION:SOLANA,21.855,23.893,21.448,22.147,15170000.0
2023-03-20 22:00:00,TRADENATION:SOLANA,22.15,23.316,21.578,22.574,9940000.0
2023-03-21 22:00:00,TRADENATION:SOLANA,22.574,23.062,21.019,21.425,12390000.0
2023-03-22 22:00:00,TRADENATION:SOLANA,21.434,22.741,21.172,22.184,7730000.0
2023-03-23 22:00:00,TRADENATION:SOLANA,22.184,22.27,20.308,20.659,8000000.0
2023-03-26 23:00:00,TRADENATION:SOLANA,20.954,20.982,19.448,19.9,4720000.0
2023-03-27 23:00:00,TRADENATION:SOLANA,19.9,20.82,19.62,20.453,4680000.0
2023-03-28 23:00:00,TRADENATION:SOLANA,20.46,21.536,20.43,21.11,4440000.0
2023-03-29 23:00:00,TRADENATION:SOLANA,21.11,21.648,20.16,20.555,5960000.0
2023-03-30 23:00:00,TRADENATION:SOLANA,20.547,21.462,20.072,21.165,4180000.0
2023-04-02 23:00:00,TRADENATION:SOLANA,20.52,20.99,19.992,20.446,5700000.0
2023-04-03 23:00:00,TRADENATION:SOLANA,20.446,21.238,20.324,20.922,3310000.0
2023-04-04 23:00:00,TRADENATION:SOLANA,20.922,21.333,20.632,20.97,3580000.0
2023-04-05 23:00:00,TRADENATION:SOLANA,20.963,20.988,20.466,20.62,2330000.0
2023-04-06 23:00:00,TRADENATION:SOLANA,20.623,20.773,20.253,20.446,1760000.0
2023-04-09 23:00:00,TRADENATION:SOLANA,20.282,20.95,20.082,20.904,2490000.0
2023-04-10 23:00:00,TRADENATION:SOLANA,20.897,23.675,20.827,22.982,11980000.0
2023-04-11 23:00:00,TRADENATION:SOLANA,22.982,24.4,22.336,23.788,13850000.0
2023-04-12 23:00:00,TRADENATION:SOLANA,23.79,25.243,23.655,24.437,7930000.0
2023-04-13 23:00:00,TRADENATION:SOLANA,24.437,25.463,23.765,24.723,9000000.0
2023-04-16 23:00:00,TRADENATION:SOLANA,25.365,25.96,24.358,24.569,8000000.0
2023-04-17 23:00:00,TRADENATION:SOLANA,24.572,25.436,24.023,24.823,5020000.0
2023-04-18 23:00:00,TRADENATION:SOLANA,24.823,24.969,22.072,22.683,9380000.0
2023-04-19 23:00:00,TRADENATION:SOLANA,22.683,23.134,21.605,22.183,7760000.0
2023-04-20 23:00:00,TRADENATION:SOLANA,22.197,22.39,21.07,21.267,6040000.0
2023-04-23 23:00:00,TRADENATION:SOLANA,21.47,21.982,21.036,21.38,3840000.0
2023-04-24 23:00:00,TRADENATION:SOLANA,21.38,21.962,20.736,21.92,4280000.0
2023-04-25 23:00:00,TRADENATION:SOLANA,21.92,22.937,20.476,21.284,8430000.0
2023-04-26 23:00:00,TRADENATION:SOLANA,21.284,22.494,21.18,22.332,5970000.0
2023-04-27 23:00:00,TRADENATION:SOLANA,22.332,23.471,22.184,23.348,6060000.0
2023-04-30 23:00:00,TRADENATION:SOLANA,22.739,22.88,21.6,21.975,5000000.0
2023-05-01 23:00:00,TRADENATION:SOLANA,21.952,22.374,21.76,22.252,3280000.0
2023-05-02 23:00:00,TRADENATION:SOLANA,22.25,22.282,21.254,22.22,5120000.0
2023-05-03 23:00:00,TRADENATION:SOLANA,22.22,22.472,21.616,21.74,3210000.0
2023-05-04 23:00:00,TRADENATION:SOLANA,21.74,23.043,21.656,22.825,4960000.0
2023-05-07 23:00:00,TRADENATION:SOLANA,21.657,21.807,20.003,20.632,7050000.0
2023-05-08 23:00:00,TRADENATION:SOLANA,20.632,20.997,20.427,20.673,3220000.0
2023-05-09 23:00:00,TRADENATION:SOLANA,20.658,21.297,19.999,20.932,6520000.0
2023-05-10 23:00:00,TRADENATION:SOLANA,20.934,20.934,19.797,20.184,4780000.0
2023-05-11 23:00:00,TRADENATION:SOLANA,20.184,20.936,19.83,20.906,4360000.0
2023-05-14 23:00:00,TRADENATION:SOLANA,20.944,21.504,20.622,20.99,3930000.0
2023-05-15 23:00:00,TRADENATION:SOLANA,20.987,21.133,20.45,20.673,3770000.0
2023-05-16 23:00:00,TRADENATION:SOLANA,20.673,21.182,20.44,21.047,3490000.0
2023-05-17 23:00:00,TRADENATION:SOLANA,21.047,21.09,20.127,20.347,3670000.0
2023-05-18 23:00:00,TRADENATION:SOLANA,20.347,20.563,20.267,20.35,1660000.0
2023-05-21 23:00:00,TRADENATION:SOLANA,19.612,19.997,19.37,19.53,3020000.0
2023-05-22 23:00:00,TRADENATION:SOLANA,19.53,20.166,19.426,20.028,3280000.0
2023-05-23 23:00:00,TRADENATION:SOLANA,20.03,20.07,18.852,19.213,3800000.0
2023-05-24 23:00:00,TRADENATION:SOLANA,19.213,19.54,18.798,19.25,2370000.0
2023-05-25 23:00:00,TRADENATION:SOLANA,19.25,19.553,19.093,19.35,1440000.0
2023-05-28 23:00:00,TRADENATION:SOLANA,20.8,20.974,20.28,20.572,2840000.0
2023-05-29 23:00:00,TRADENATION:SOLANA,20.572,21.396,20.472,21.253,4460000.0
2023-05-30 23:00:00,TRADENATION:SOLANA,21.253,21.326,20.435,20.823,2840000.0
2023-05-31 23:00:00,TRADENATION:SOLANA,20.82,20.983,20.437,20.497,2290000.0
2023-06-01 23:00:00,TRADENATION:SOLANA,20.497,21.372,20.325,21.258,2660000.0
2023-06-04 23:00:00,TRADENATION:SOLANA,21.83,22.052,19.353,20.0,8370000.0
2023-06-05 23:00:00,TRADENATION:SOLANA,19.993,20.685,19.265,20.39,5770000.0
2023-06-06 23:00:00,TRADENATION:SOLANA,20.39,20.512,18.527,18.627,5400000.0
2023-06-07 23:00:00,TRADENATION:SOLANA,18.633,19.093,18.258,18.892,3150000.0
2023-06-08 23:00:00,TRADENATION:SOLANA,18.89,19.325,17.125,17.398,6200000.0
2023-06-11 23:00:00,TRADENATION:SOLANA,15.55,15.649,14.759,15.19,6090000.0
2023-06-12 23:00:00,TRADENATION:SOLANA,15.191,15.931,14.78,15.038,5770000.0
2023-06-13 23:00:00,TRADENATION:SOLANA,15.037,15.336,14.14,14.488,4820000.0
2023-06-14 23:00:00,TRADENATION:SOLANA,14.49,15.049,14.189,14.787,5380000.0
2023-06-15 23:00:00,TRADENATION:SOLANA,14.787,15.45,14.454,15.32,3940000.0
2023-06-18 23:00:00,TRADENATION:SOLANA,15.448,16.13,15.368,16.102,2410000.0
2023-06-19 23:00:00,TRADENATION:SOLANA,16.102,16.653,15.758,16.633,4100000.0
2023-06-20 23:00:00,TRADENATION:SOLANA,16.633,17.402,16.57,17.245,5530000.0
2023-06-21 23:00:00,TRADENATION:SOLANA,17.237,17.725,16.582,16.634,4330000.0
2023-06-22 23:00:00,TRADENATION:SOLANA,16.634,17.512,16.218,17.142,6420000.0
2023-06-25 23:00:00,TRADENATION:SOLANA,16.962,17.112,15.986,16.262,3980000.0
2023-06-26 23:00:00,TRADENATION:SOLANA,16.262,16.92,16.14,16.622,3850000.0
2023-06-27 23:00:00,TRADENATION:SOLANA,16.622,16.648,15.712,15.965,5320000.0
2023-06-28 23:00:00,TRADENATION:SOLANA,15.968,18.238,15.885,17.99,9570000.0
2023-06-29 23:00:00,TRADENATION:SOLANA,17.988,19.93,17.33,18.858,13570000.0
2023-07-02 23:00:00,TRADENATION:SOLANA,19.46,19.64,18.89,19.234,3790000.0
2023-07-03 23:00:00,TRADENATION:SOLANA,19.234,19.928,19.08,19.134,3860000.0
2023-07-04 23:00:00,TRADENATION:SOLANA,19.134,19.376,18.476,18.99,3190000.0
2023-07-05 23:00:00,TRADENATION:SOLANA,18.992,20.964,18.86,19.641,11930000.0
2023-07-06 23:00:00,TRADENATION:SOLANA,19.616,21.698,19.298,21.493,11560000.0
2023-07-09 23:00:00,TRADENATION:SOLANA,21.325,21.79,20.532,21.305,6750000.0
2023-07-10 23:00:00,TRADENATION:SOLANA,21.298,22.305,21.212,22.078,5530000.0
2023-07-11 23:00:00,TRADENATION:SOLANA,22.078,22.72,21.776,21.942,7450000.0
2023-07-12 23:00:00,TRADENATION:SOLANA,21.938,26.651,21.45,25.995,19220000.0
2023-07-13 23:00:00,TRADENATION:SOLANA,25.991,30.574,25.309,26.679,23770000.0
2023-07-16 23:00:00,TRADENATION:SOLANA,27.42,28.455,25.794,26.804,10590000.0
2023-07-17 23:00:00,TRADENATION:SOLANA,26.804,27.062,24.793,25.554,8120000.0
2023-07-18 23:00:00,TRADENATION:SOLANA,25.554,26.98,25.378,26.32,6480000.0
2023-07-19 23:00:00,TRADENATION:SOLANA,26.31,27.358,25.096,25.371,6370000.0
2023-07-20 23:00:00,TRADENATION:SOLANA,25.378,25.994,25.098,25.492,4230000.0
2023-07-23 23:00:00,TRADENATION:SOLANA,24.763,24.83,22.917,23.37,5220000.0
2023-07-24 23:00:00,TRADENATION:SOLANA,23.37,23.578,22.767,23.27,3350000.0
2023-07-25 23:00:00,TRADENATION:SOLANA,23.27,25.581,23.182,25.19,7500000.0
2023-07-26 23:00:00,TRADENATION:SOLANA,25.174,25.634,24.7,25.102,5270000.0
2023-07-27 23:00:00,TRADENATION:SOLANA,25.1,25.522,24.554,24.82,3600000.0
2023-07-30 23:00:00,TRADENATION:SOLANA,24.25,24.78,23.608,23.72,3990000.0
2023-07-31 23:00:00,TRADENATION:SOLANA,23.722,24.04,23.012,24.01,4530000.0
2023-08-01 23:00:00,TRADENATION:SOLANA,24.05,24.234,22.93,23.148,4220000.0
2023-08-02 23:00:00,TRADENATION:SOLANA,23.148,23.372,22.484,22.64,3630000.0
2023-08-03 23:00:00,TRADENATION:SOLANA,22.64,23.558,22.508,22.796,4070000.0
2023-08-06 23:00:00,TRADENATION:SOLANA,23.197,23.579,22.418,23.109,3780000.0
2023-08-07 23:00:00,TRADENATION:SOLANA,23.117,24.74,23.026,24.21,5920000.0
2023-08-08 23:00:00,TRADENATION:SOLANA,24.21,24.984,24.122,24.385,4700000.0
2023-08-09 23:00:00,TRADENATION:SOLANA,24.385,24.86,24.135,24.605,3080000.0
2023-08-10 23:00:00,TRADENATION:SOLANA,24.605,24.898,24.354,24.618,2940000.0
2023-08-13 23:00:00,TRADENATION:SOLANA,24.23,25.271,24.117,25.176,3660000.0
2023-08-14 23:00:00,TRADENATION:SOLANA,25.18,25.28,23.744,23.946,4840000.0
2023-08-15 23:00:00,TRADENATION:SOLANA,23.92,24.016,22.438,22.816,5480000.0
2023-08-16 23:00:00,TRADENATION:SOLANA,22.816,23.416,20.265,21.7,7700000.0
2023-08-17 23:00:00,TRADENATION:SOLANA,21.698,22.172,20.976,21.348,4840000.0
2023-08-20 23:00:00,TRADENATION:SOLANA,21.77,21.772,20.448,21.19,3360000.0
2023-08-21 23:00:00,TRADENATION:SOLANA,21.192,21.262,19.557,20.584,4500000.0
2023-08-22 23:00:00,TRADENATION:SOLANA,20.584,21.784,20.448,21.738,4590000.0
2023-08-23 23:00:00,TRADENATION:SOLANA,21.738,22.018,20.684,21.058,3360000.0
2023-08-24 23:00:00,TRADENATION:SOLANA,21.058,21.058,20.096,20.42,2950000.0
2023-08-27 23:00:00,TRADENATION:SOLANA,20.79,20.79,20.086,20.568,2100000.0
2023-08-28 23:00:00,TRADENATION:SOLANA,20.568,21.982,20.118,21.792,6610000.0
2023-08-29 23:00:00,TRADENATION:SOLANA,21.792,21.958,20.6,20.812,3170000.0
2023-08-30 23:00:00,TRADENATION:SOLANA,20.812,21.008,19.481,19.727,4820000.0
2023-08-31 23:00:00,TRADENATION:SOLANA,19.737,19.92,19.08,19.322,3330000.0
2023-09-03 23:00:00,TRADENATION:SOLANA,19.572,19.998,19.181,19.517,2620000.0
2023-09-04 23:00:00,TRADENATION:SOLANA,19.52,20.571,19.047,20.258,5070000.0
2023-09-05 23:00:00,TRADENATION:SOLANA,20.258,20.37,19.206,19.64,4100000.0
2023-09-06 23:00:00,TRADENATION:SOLANA,19.64,19.99,19.34,19.904,2920000.0
2023-09-07 23:00:00,TRADENATION:SOLANA,19.904,20.27,19.395,19.61,2430000.0
2023-09-10 23:00:00,TRADENATION:SOLANA,18.238,18.438,17.396,17.736,6020000.0
2023-09-11 23:00:00,TRADENATION:SOLANA,17.738,18.69,17.57,17.91,5940000.0
2023-09-12 23:00:00,TRADENATION:SOLANA,17.912,18.52,17.708,18.398,5120000.0
2023-09-13 23:00:00,TRADENATION:SOLANA,18.398,19.3,18.398,18.85,5380000.0
2023-09-14 23:00:00,TRADENATION:SOLANA,18.852,19.433,18.567,19.14,2910000.0
2023-09-17 23:00:00,TRADENATION:SOLANA,18.822,20.122,18.613,19.648,4870000.0
2023-09-18 23:00:00,TRADENATION:SOLANA,19.65,20.362,19.582,20.03,3760000.0
2023-09-19 23:00:00,TRADENATION:SOLANA,20.03,20.508,19.818,20.297,3430000.0
2023-09-20 23:00:00,TRADENATION:SOLANA,20.292,20.292,19.313,19.463,4020000.0
2023-09-21 23:00:00,TRADENATION:SOLANA,19.463,19.78,19.172,19.428,2360000.0
2023-09-24 23:00:00,TRADENATION:SOLANA,19.362,19.736,19.14,19.398,2240000.0
2023-09-25 23:00:00,TRADENATION:SOLANA,19.398,19.52,18.868,19.026,2500000.0
2023-09-26 23:00:00,TRADENATION:SOLANA,19.026,19.46,18.762,19.127,3390000.0
2023-09-27 23:00:00,TRADENATION:SOLANA,19.127,19.976,19.105,19.96,3970000.0
2023-09-28 23:00:00,TRADENATION:SOLANA,19.96,20.424,19.853,20.28,3290000.0
2023-10-01 23:00:00,TRADENATION:SOLANA,23.887,24.671,22.93,23.36,8000000.0
2023-10-02 23:00:00,TRADENATION:SOLANA,23.36,24.697,23.268,23.608,7030000.0
2023-10-03 23:00:00,TRADENATION:SOLANA,23.608,23.776,22.665,23.14,4830000.0
2023-10-04 23:00:00,TRADENATION:SOLANA,23.14,23.73,22.592,22.67,4050000.0
2023-10-05 23:00:00,TRADENATION:SOLANA,22.67,23.731,22.67,23.483,5050000.0
2023-10-08 23:00:00,TRADENATION:SOLANA,23.222,23.37,21.782,22.097,4870000.0
2023-10-09 23:00:00,TRADENATION:SOLANA,22.1,22.459,21.703,22.098,2810000.0
2023-10-10 23:00:00,TRADENATION:SOLANA,22.098,22.416,21.63,22.015,3550000.0
2023-10-11 23:00:00,TRADENATION:SOLANA,22.008,22.032,21.032,21.299,3400000.0
2023-10-12 23:00:00,TRADENATION:SOLANA,21.299,22.175,21.12,21.84,2970000.0
2023-10-15 23:00:00,TRADENATION:SOLANA,21.914,24.583,21.9,23.952,8670000.0
2023-10-16 23:00:00,TRADENATION:SOLANA,23.954,24.52,23.579,23.934,5520000.0
2023-10-17 23:00:00,TRADENATION:SOLANA,23.934,24.36,23.38,23.417,3990000.0
2023-10-18 23:00:00,TRADENATION:SOLANA,23.42,25.434,23.181,24.942,7600000.0
2023-10-19 23:00:00,TRADENATION:SOLANA,24.927,27.35,24.732,27.02,9710000.0
2023-10-22 23:00:00,TRADENATION:SOLANA,29.051,32.709,28.77,31.922,15070000.0
2023-10-23 23:00:00,TRADENATION:SOLANA,31.922,32.552,29.592,30.16,13770000.0
2023-10-24 23:00:00,TRADENATION:SOLANA,30.16,33.841,30.038,32.444,13170000.0
2023-10-25 23:00:00,TRADENATION:SOLANA,32.448,33.242,30.777,32.78,9530000.0
2023-10-26 23:00:00,TRADENATION:SOLANA,32.78,33.305,31.456,31.724,7870000.0
2023-10-29 22:00:00,TRADENATION:SOLANA,32.83,35.199,32.385,34.942,9620000.0
2023-10-30 22:00:00,TRADENATION:SOLANA,34.942,38.561,34.862,38.398,12760000.0
2023-10-31 22:00:00,TRADENATION:SOLANA,38.401,46.479,37.926,41.113,25100000.0
2023-11-01 22:00:00,TRADENATION:SOLANA,41.113,44.501,38.762,40.246,18190000.0
2023-11-02 22:00:00,TRADENATION:SOLANA,40.246,40.25,38.072,39.452,12860000.0
2023-11-05 23:00:00,TRADENATION:SOLANA,41.157,42.19,39.687,42.187,7070000.0
2023-11-06 23:00:00,TRADENATION:SOLANA,42.171,44.442,40.236,42.946,12270000.0
2023-11-07 23:00:00,TRADENATION:SOLANA,42.946,43.866,42.295,43.127,6000000.0
2023-11-08 23:00:00,TRADENATION:SOLANA,43.132,48.777,42.529,45.335,16800000.0
2023-11-09 23:00:00,TRADENATION:SOLANA,45.305,57.442,45.095,56.677,19270000.0
2023-11-12 23:00:00,TRADENATION:SOLANA,56.35,59.8,51.635,51.662,14450000.0
2023-11-13 23:00:00,TRADENATION:SOLANA,51.639,57.751,51.603,56.82,15400000.0
2023-11-14 23:00:00,TRADENATION:SOLANA,56.82,67.03,56.234,65.555,16380000.0
2023-11-15 23:00:00,TRADENATION:SOLANA,65.527,68.076,56.552,57.815,18330000.0
2023-11-16 23:00:00,TRADENATION:SOLANA,57.823,60.442,54.205,58.497,14710000.0
2023-11-19 23:00:00,TRADENATION:SOLANA,61.087,61.199,56.234,56.574,8920000.0
2023-11-20 23:00:00,TRADENATION:SOLANA,56.574,57.316,51.401,51.691,12950000.0
2023-11-21 23:00:00,TRADENATION:SOLANA,51.691,58.825,51.65,57.482,9830000.0
2023-11-22 23:00:00,TRADENATION:SOLANA,57.538,59.506,56.192,56.412,6230000.0
2023-11-23 23:00:00,TRADENATION:SOLANA,56.412,58.712,56.242,56.863,5280000.0
2023-11-26 23:00:00,TRADENATION:SOLANA,57.559,58.04,53.59,55.06,6160000.0
2023-11-27 23:00:00,TRADENATION:SOLANA,55.055,58.634,53.978,58.192,7110000.0
2023-11-28 23:00:00,TRADENATION:SOLANA,58.184,61.706,57.766,59.294,9660000.0
2023-11-29 23:00:00,TRADENATION:SOLANA,59.292,61.646,58.858,59.199,5670000.0
2023-11-30 23:00:00,TRADENATION:SOLANA,59.199,61.846,58.614,59.754,6660000.0
2023-12-03 23:00:00,TRADENATION:SOLANA,62.988,65.243,60.081,61.572,10400000.0
2023-12-04 23:00:00,TRADENATION:SOLANA,61.575,62.548,59.153,60.959,7720000.0
2023-12-05 23:00:00,TRADENATION:SOLANA,60.959,66.631,60.959,61.896,13830000.0
2023-12-06 23:00:00,TRADENATION:SOLANA,61.898,69.322,61.677,67.791,13530000.0
2023-12-07 23:00:00,TRADENATION:SOLANA,67.798,75.242,67.798,74.896,14150000.0
2023-12-10 23:00:00,TRADENATION:SOLANA,74.871,74.919,65.783,70.297,15880000.0
2023-12-11 23:00:00,TRADENATION:SOLANA,70.297,72.388,65.962,68.55,9920000.0
2023-12-12 23:00:00,TRADENATION:SOLANA,68.55,72.457,64.058,70.598,10300000.0
2023-12-13 23:00:00,TRADENATION:SOLANA,70.596,76.186,69.682,75.686,9450000.0
2023-12-14 23:00:00,TRADENATION:SOLANA,75.686,79.454,72.214,72.545,11170000.0
2023-12-17 23:00:00,TRADENATION:SOLANA,70.799,75.38,67.13,74.394,9170000.0
2023-12-18 23:00:00,TRADENATION:SOLANA,74.418,76.352,71.833,73.078,7640000.0
2023-12-19 23:00:00,TRADENATION:SOLANA,73.068,83.992,72.986,82.164,13600000.0
2023-12-20 23:00:00,TRADENATION:SOLANA,82.164,95.465,81.187,93.92,15310000.0
2023-12-21 23:00:00,TRADENATION:SOLANA,93.908,99.342,90.659,97.972,15050000.0
2023-12-24 23:00:00,TRADENATION:SOLANA,112.514,125.506,108.164,120.761,13740000.0
2023-12-25 23:00:00,TRADENATION:SOLANA,120.761,121.291,103.265,112.603,15420000.0
2023-12-26 23:00:00,TRADENATION:SOLANA,112.603,115.232,105.099,106.782,11250000.0
2023-12-27 23:00:00,TRADENATION:SOLANA,106.766,109.442,97.302,101.845,12920000.0
2023-12-28 23:00:00,TRADENATION:SOLANA,101.845,109.726,99.632,106.166,11740000.0
2023-12-31 23:00:00,TRADENATION:SOLANA,101.59,109.668,101.558,109.628,5570000.0
2024-01-01 23:00:00,TRADENATION:SOLANA,109.728,116.92,106.052,106.72,9660000.0
2024-01-02 23:00:00,TRADENATION:SOLANA,106.72,109.887,86.141,98.536,15160000.0
2024-01-03 23:00:00,TRADENATION:SOLANA,98.536,108.042,96.776,104.876,8730000.0
2024-01-04 23:00:00,TRADENATION:SOLANA,104.876,105.301,95.605,99.93,8010000.0
2024-01-07 23:00:00,TRADENATION:SOLANA,89.347,99.91,85.331,97.86,12280000.0
2024-01-08 23:00:00,TRADENATION:SOLANA,97.899,103.898,95.484,99.37,10420000.0
2024-01-09 23:00:00,TRADENATION:SOLANA,99.37,105.323,92.35,102.024,10770000.0
2024-01-10 23:00:00,TRADENATION:SOLANA,102.05,107.04,97.78,99.862,11410000.0
2024-01-11 23:00:00,TRADENATION:SOLANA,99.862,100.427,87.66,92.039,7950000.0
2024-01-14 23:00:00,TRADENATION:SOLANA,93.9,96.87,93.166,94.398,4490000.0
2024-01-15 23:00:00,TRADENATION:SOLANA,94.358,98.682,94.189,97.607,4570000.0
2024-01-16 23:00:00,TRADENATION:SOLANA,97.598,102.691,96.884,102.07,8700000.0
2024-01-17 23:00:00,TRADENATION:SOLANA,102.078,103.424,91.679,94.352,7740000.0
2024-01-18 23:00:00,TRADENATION:SOLANA,94.354,95.309,87.055,93.655,7770000.0
2024-01-21 23:00:00,TRADENATION:SOLANA,91.053,91.867,82.35,83.829,8670000.0
2024-01-22 23:00:00,TRADENATION:SOLANA,83.841,85.924,79.009,84.303,10070000.0
2024-01-23 23:00:00,TRADENATION:SOLANA,84.296,89.305,83.315,88.769,7350000.0
2024-01-24 23:00:00,TRADENATION:SOLANA,88.771,89.585,85.173,86.88,5120000.0
2024-01-25 23:00:00,TRADENATION:SOLANA,86.877,93.662,86.1,92.209,6020000.0
2024-01-28 23:00:00,TRADENATION:SOLANA,95.982,101.88,95.103,101.613,7240000.0
2024-01-29 23:00:00,TRADENATION:SOLANA,101.617,106.318,101.033,101.377,8760000.0
2024-01-30 23:00:00,TRADENATION:SOLANA,101.373,102.581,96.09,97.043,10670000.0
2024-01-31 23:00:00,TRADENATION:SOLANA,97.04,98.015,93.143,97.803,8650000.0
2024-02-01 23:00:00,TRADENATION:SOLANA,97.803,102.495,97.452,100.542,6940000.0
2024-02-04 23:00:00,TRADENATION:SOLANA,95.442,98.633,94.193,95.624,4800000.0
2024-02-05 23:00:00,TRADENATION:SOLANA,95.626,97.858,93.314,96.85,5530000.0
2024-02-06 23:00:00,TRADENATION:SOLANA,96.848,101.409,94.755,101.058,5760000.0
2024-02-07 23:00:00,TRADENATION:SOLANA,101.059,104.912,100.562,102.76,7170000.0
2024-02-08 23:00:00,TRADENATION:SOLANA,102.771,108.815,102.763,106.909,8230000.0
2024-02-11 23:00:00,TRADENATION:SOLANA,107.445,112.211,103.525,111.803,7550000.0
2024-02-12 23:00:00,TRADENATION:SOLANA,111.803,114.86,108.414,112.502,7120000.0
2024-02-13 23:00:00,TRADENATION:SOLANA,112.502,118.649,110.714,116.959,6180000.0
2024-02-14 23:00:00,TRADENATION:SOLANA,116.967,118.34,111.556,113.555,6180000.0
2024-02-15 23:00:00,TRADENATION:SOLANA,113.543,114.253,108.211,110.341,4920000.0
2024-02-18 23:00:00,TRADENATION:SOLANA,112.214,114.772,111.011,111.465,4680000.0
2024-02-19 23:00:00,TRADENATION:SOLANA,111.465,112.092,104.863,108.292,7170000.0
2024-02-20 23:00:00,TRADENATION:SOLANA,108.325,108.341,100.267,105.059,6180000.0
2024-02-21 23:00:00,TRADENATION:SOLANA,105.064,107.045,101.524,101.774,4960000.0
2024-02-22 23:00:00,TRADENATION:SOLANA,101.751,103.084,98.786,99.827,4410000.0
2024-02-25 23:00:00,TRADENATION:SOLANA,103.469,110.693,100.352,109.851,6790000.0
2024-02-26 23:00:00,TRADENATION:SOLANA,109.856,112.2,105.667,108.398,7720000.0
2024-02-27 23:00:00,TRADENATION:SOLANA,108.4,118.877,107.284,118.877,14270000.0
2024-02-28 23:00:00,TRADENATION:SOLANA,118.878,134.492,117.433,125.588,16950000.0
2024-02-29 23:00:00,TRADENATION:SOLANA,125.621,137.554,125.602,129.914,10160000.0
2024-03-03 23:00:00,TRADENATION:SOLANA,130.213,134.933,127.54,132.896,9690000.0
2024-03-04 23:00:00,TRADENATION:SOLANA,132.896,142.507,111.792,125.249,20500000.0
2024-03-05 23:00:00,TRADENATION:SOLANA,125.365,134.886,120.184,130.734,11350000.0
2024-03-06 23:00:00,TRADENATION:SOLANA,130.733,149.033,130.676,143.888,13990000.0
2024-03-07 23:00:00,TRADENATION:SOLANA,143.863,152.672,142.149,144.748,10230000.0
2024-03-10 22:00:00,TRADENATION:SOLANA,144.413,150.07,136.848,148.791,10640000.0
2024-03-11 22:00:00,TRADENATION:SOLANA,148.803,154.89,141.877,151.054,12210000.0
2024-03-12 22:00:00,TRADENATION:SOLANA,151.053,166.58,148.824,163.907,10570000.0
2024-03-13 22:00:00,TRADENATION:SOLANA,163.914,177.989,159.632,176.523,14170000.0
2024-03-14 22:00:00,TRADENATION:SOLANA,176.523,188.803,165.177,183.334,23170000.0
2024-03-17 22:00:00,TRADENATION:SOLANA,201.814,209.917,194.427,195.866,14860000.0
2024-03-18 22:00:00,TRADENATION:SOLANA,195.847,198.548,166.249,169.894,21790000.0
2024-03-19 22:00:00,TRADENATION:SOLANA,169.89,193.103,162.719,191.897,16470000.0
2024-03-20 22:00:00,TRADENATION:SOLANA,191.772,195.408,175.909,179.417,10330000.0
2024-03-21 22:00:00,TRADENATION:SOLANA,179.403,181.643,167.718,175.087,8200000.0
2024-03-24 22:00:00,TRADENATION:SOLANA,183.692,194.458,181.085,188.979,7350000.0
2024-03-25 22:00:00,TRADENATION:SOLANA,188.977,196.509,186.378,190.465,6330000.0
2024-03-26 22:00:00,TRADENATION:SOLANA,190.46,192.546,180.341,186.18,7230000.0
2024-03-27 22:00:00,TRADENATION:SOLANA,186.23,190.838,180.923,189.482,5210000.0
2024-03-28 22:00:00,TRADENATION:SOLANA,189.473,192.949,183.558,192.107,5150000.0
2024-03-31 23:00:00,TRADENATION:SOLANA,202.51,204.194,187.311,192.224,6500000.0
2024-04-01 23:00:00,TRADENATION:SOLANA,192.228,192.228,175.973,181.446,8150000.0
2024-04-02 23:00:00,TRADENATION:SOLANA,181.428,191.625,177.085,185.076,6610000.0
2024-04-03 23:00:00,TRADENATION:SOLANA,185.09,190.099,180.251,183.999,5300000.0
2024-04-04 23:00:00,TRADENATION:SOLANA,184.007,185.025,168.038,174.368,6980000.0
2024-04-07 23:00:00,TRADENATION:SOLANA,179.527,184.501,175.498,180.691,5280000.0
2024-04-08 23:00:00,TRADENATION:SOLANA,180.691,180.853,169.362,172.39,6290000.0
2024-04-09 23:00:00,TRADENATION:SOLANA,172.389,175.431,163.229,173.329,7870000.0
2024-04-10 23:00:00,TRADENATION:SOLANA,173.313,176.257,170.184,172.432,6300000.0
2024-04-11 23:00:00,TRADENATION:SOLANA,172.374,175.891,142.597,153.281,11540000.0
2024-04-14 23:00:00,TRADENATION:SOLANA,151.416,155.92,133.876,138.499,16130000.0
2024-04-15 23:00:00,TRADENATION:SOLANA,138.535,140.403,126.639,136.227,15130000.0
2024-04-16 23:00:00,TRADENATION:SOLANA,136.227,142.648,127.087,131.919,13420000.0
2024-04-17 23:00:00,TRADENATION:SOLANA,131.892,143.72,128.002,142.037,10570000.0
2024-04-18 23:00:00,TRADENATION:SOLANA,142.076,147.425,128.627,142.362,15070000.0
2024-04-21 23:00:00,TRADENATION:SOLANA,148.794,158.372,146.867,156.979,6920000.0
2024-04-22 23:00:00,TRADENATION:SOLANA,156.978,159.976,153.141,154.743,5730000.0
2024-04-23 23:00:00,TRADENATION:SOLANA,154.742,159.748,145.734,147.739,8560000.0
2024-04-24 23:00:00,TRADENATION:SOLANA,147.739,149.438,142.245,144.808,7350000.0
2024-04-25 23:00:00,TRADENATION:SOLANA,144.803,146.034,138.885,139.104,5250000.0
2024-04-28 23:00:00,TRADENATION:SOLANA,137.973,138.89,133.513,137.686,5850000.0
2024-04-29 23:00:00,TRADENATION:SOLANA,137.718,139.687,121.528,126.74,8600000.0
2024-04-30 23:00:00,TRADENATION:SOLANA,126.737,135.697,119.18,134.643,11140000.0
2024-05-01 23:00:00,TRADENATION:SOLANA,134.642,140.67,128.284,137.648,7710000.0
2024-05-02 23:00:00,TRADENATION:SOLANA,137.645,144.897,136.019,143.639,6310000.0
2024-05-05 23:00:00,TRADENATION:SOLANA,145.692,156.586,145.481,152.825,6190000.0
2024-05-06 23:00:00,TRADENATION:SOLANA,152.825,159.087,147.994,148.062,5930000.0
2024-05-07 23:00:00,TRADENATION:SOLANA,148.057,149.925,140.046,142.206,6000000.0
2024-05-08 23:00:00,TRADENATION:SOLANA,142.169,153.202,140.643,152.795,5300000.0
2024-05-09 23:00:00,TRADENATION:SOLANA,152.814,155.56,144.769,146.032,5900000.0
2024-05-12 23:00:00,TRADENATION:SOLANA,143.417,150.564,138.008,147.411,5920000.0
2024-05-13 23:00:00,TRADENATION:SOLANA,147.395,148.949,141.927,142.023,4730000.0
2024-05-14 23:00:00,TRADENATION:SOLANA,142.021,158.73,141.362,158.285,6790000.0
2024-05-15 23:00:00,TRADENATION:SOLANA,158.285,164.395,156.778,159.306,6090000.0
2024-05-16 23:00:00,TRADENATION:SOLANA,159.32,171.959,159.301,169.441,5470000.0
2024-05-19 23:00:00,TRADENATION:SOLANA,169.932,188.229,167.848,186.788,6980000.0
2024-05-20 23:00:00,TRADENATION:SOLANA,186.752,188.752,174.507,178.179,7580000.0
2024-05-21 23:00:00,TRADENATION:SOLANA,178.179,183.244,175.1,177.027,5950000.0
2024-05-22 23:00:00,TRADENATION:SOLANA,176.955,180.71,167.284,176.04,8440000.0
2024-05-23 23:00:00,TRADENATION:SOLANA,176.04,176.077,162.703,167.785,6890000.0
2024-05-26 23:00:00,TRADENATION:SOLANA,163.356,172.203,163.356,170.124,4170000.0
2024-05-27 23:00:00,TRADENATION:SOLANA,170.132,173.139,165.068,168.694,5320000.0
2024-05-28 23:00:00,TRADENATION:SOLANA,168.695,173.765,167.307,168.291,4600000.0
2024-05-29 23:00:00,TRADENATION:SOLANA,168.276,172.361,163.638,166.895,4860000.0
2024-05-30 23:00:00,TRADENATION:SOLANA,166.847,170.821,164.024,165.58,3820000.0
2024-06-02 23:00:00,TRADENATION:SOLANA,163.243,167.095,161.793,164.958,3570000.0
2024-06-03 23:00:00,TRADENATION:SOLANA,164.898,171.859,164.446,171.778,3290000.0
2024-06-04 23:00:00,TRADENATION:SOLANA,171.784,175.565,171.207,173.491,3800000.0
2024-06-05 23:00:00,TRADENATION:SOLANA,173.491,174.371,167.754,170.106,3070000.0
2024-06-06 23:00:00,TRADENATION:SOLANA,170.114,172.583,155.049,162.504,5110000.0
2024-06-09 23:00:00,TRADENATION:SOLANA,162.129,163.123,157.623,159.049,2590000.0
2024-06-10 23:00:00,TRADENATION:SOLANA,159.048,159.644,145.666,149.351,5570000.0
2024-06-11 23:00:00,TRADENATION:SOLANA,149.351,161.663,145.513,155.237,5580000.0
2024-06-12 23:00:00,TRADENATION:SOLANA,155.229,155.237,146.046,147.25,3730000.0
2024-06-13 23:00:00,TRADENATION:SOLANA,147.242,148.939,139.857,143.05,4570000.0
2024-06-16 23:00:00,TRADENATION:SOLANA,151.265,151.731,139.984,143.225,4560000.0
2024-06-17 23:00:00,TRADENATION:SOLANA,143.225,143.75,129.144,137.376,9040000.0
2024-06-18 23:00:00,TRADENATION:SOLANA,137.394,141.771,134.658,135.646,4660000.0
2024-06-19 23:00:00,TRADENATION:SOLANA,135.652,141.118,131.977,133.527,5020000.0
2024-06-20 23:00:00,TRADENATION:SOLANA,133.527,135.309,128.772,134.536,4770000.0
2024-06-23 23:00:00,TRADENATION:SOLANA,128.638,132.546,123.337,132.275,8620000.0
2024-06-24 23:00:00,TRADENATION:SOLANA,132.326,139.822,131.208,136.573,6080000.0
2024-06-25 23:00:00,TRADENATION:SOLANA,136.573,140.325,134.91,136.796,3630000.0
2024-06-26 23:00:00,TRADENATION:SOLANA,136.793,150.96,135.224,149.703,6310000.0
2024-06-27 23:00:00,TRADENATION:SOLANA,149.713,150.387,139.015,139.93,5030000.0
2024-06-30 23:00:00,TRADENATION:SOLANA,146.553,149.088,145.871,146.669,3680000.0
2024-07-01 23:00:00,TRADENATION:SOLANA,146.671,154.946,146.142,153.909,4070000.0
2024-07-02 23:00:00,TRADENATION:SOLANA,153.905,154.439,139.49,140.744,6140000.0
2024-07-03 23:00:00,TRADENATION:SOLANA,140.774,142.676,127.292,127.674,7370000.0
2024-07-04 23:00:00,TRADENATION:SOLANA,127.674,136.137,121.261,134.309,10680000.0
2024-07-07 23:00:00,TRADENATION:SOLANA,131.492,141.723,128.12,139.747,7880000.0
2024-07-08 23:00:00,TRADENATION:SOLANA,139.713,144.039,136.548,141.368,4780000.0
2024-07-09 23:00:00,TRADENATION:SOLANA,141.368,145.963,138.669,142.077,3850000.0
2024-07-10 23:00:00,TRADENATION:SOLANA,142.082,145.511,135.735,135.776,4780000.0
2024-07-11 23:00:00,TRADENATION:SOLANA,135.734,140.504,134.091,139.497,4190000.0
2024-07-14 23:00:00,TRADENATION:SOLANA,147.694,159.933,147.053,159.616,4940000.0
2024-07-15 23:00:00,TRADENATION:SOLANA,159.614,162.444,152.744,160.527,5540000.0
2024-07-16 23:00:00,TRADENATION:SOLANA,160.62,163.602,154.712,155.325,4100000.0
2024-07-17 23:00:00,TRADENATION:SOLANA,155.477,161.546,155.304,159.209,3630000.0
2024-07-18 23:00:00,TRADENATION:SOLANA,159.214,171.244,156.287,169.153,6560000.0
2024-07-21 23:00:00,TRADENATION:SOLANA,184.414,184.86,176.837,178.958,4470000.0
2024-07-22 23:00:00,TRADENATION:SOLANA,178.961,180.495,170.868,173.0,5130000.0
2024-07-23 23:00:00,TRADENATION:SOLANA,173.003,182.383,171.035,178.082,5050000.0
2024-07-24 23:00:00,TRADENATION:SOLANA,178.142,179.549,165.693,171.837,6740000.0
2024-07-25 23:00:00,TRADENATION:SOLANA,171.842,183.506,171.842,183.058,4410000.0
2024-07-28 23:00:00,TRADENATION:SOLANA,184.906,193.89,181.681,182.606,5720000.0
2024-07-29 23:00:00,TRADENATION:SOLANA,182.55,184.683,175.628,179.061,4550000.0
2024-07-30 23:00:00,TRADENATION:SOLANA,179.084,184.27,171.678,171.678,4870000.0
2024-07-31 23:00:00,TRADENATION:SOLANA,171.678,172.776,158.034,167.504,8050000.0
2024-08-01 23:00:00,TRADENATION:SOLANA,167.48,169.337,150.067,152.837,8070000.0
2024-08-04 23:00:00,TRADENATION:SOLANA,138.288,139.091,110.155,129.702,34180000.0
2024-08-05 23:00:00,TRADENATION:SOLANA,129.702,149.307,129.529,144.385,11680000.0
2024-08-06 23:00:00,TRADENATION:SOLANA,144.429,154.964,142.476,144.422,11670000.0
2024-08-07 23:00:00,TRADENATION:SOLANA,144.623,163.291,141.49,162.92,10700000.0
2024-08-08 23:00:00,TRADENATION:SOLANA,162.99,163.485,151.041,156.247,6310000.0
2024-08-11 23:00:00,TRADENATION:SOLANA,141.455,150.688,141.419,146.321,6770000.0
2024-08-12 23:00:00,TRADENATION:SOLANA,146.321,149.722,143.011,146.663,4040000.0
2024-08-13 23:00:00,TRADENATION:SOLANA,146.668,151.866,142.582,143.765,5480000.0
2024-08-14 23:00:00,TRADENATION:SOLANA,143.763,147.433,138.086,142.479,6050000.0
2024-08-15 23:00:00,TRADENATION:SOLANA,142.491,144.836,136.226,139.044,5550000.0
2024-08-18 23:00:00,TRADENATION:SOLANA,142.406,145.548,140.39,144.304,3980000.0
2024-08-19 23:00:00,TRADENATION:SOLANA,144.308,148.629,141.173,142.295,4350000.0
2024-08-20 23:00:00,TRADENATION:SOLANA,142.287,144.328,139.003,142.726,3810000.0
2024-08-21 23:00:00,TRADENATION:SOLANA,142.719,144.78,140.82,143.194,2730000.0
2024-08-22 23:00:00,TRADENATION:SOLANA,143.214,153.757,142.743,153.15,5260000.0
2024-08-25 23:00:00,TRADENATION:SOLANA,159.057,161.878,155.594,157.136,4460000.0
2024-08-26 23:00:00,TRADENATION:SOLANA,157.137,159.544,145.275,146.921,5100000.0
2024-08-27 23:00:00,TRADENATION:SOLANA,146.923,148.709,140.658,143.928,5650000.0
2024-08-28 23:00:00,TRADENATION:SOLANA,143.928,147.31,138.186,140.025,4100000.0
2024-08-29 23:00:00,TRADENATION:SOLANA,140.025,141.067,132.328,137.975,5440000.0
2024-09-01 23:00:00,TRADENATION:SOLANA,128.565,135.377,127.149,134.948,4440000.0
2024-09-02 23:00:00,TRADENATION:SOLANA,134.949,137.234,127.314,127.457,3820000.0
2024-09-03 23:00:00,TRADENATION:SOLANA,127.505,134.826,122.836,133.652,5710000.0
2024-09-04 23:00:00,TRADENATION:SOLANA,133.652,135.3,127.96,129.462,3910000.0
2024-09-05 23:00:00,TRADENATION:SOLANA,129.462,134.215,120.927,125.031,7680000.0
2024-09-08 23:00:00,TRADENATION:SOLANA,130.127,136.853,127.102,135.048,5010000.0
2024-09-09 23:00:00,TRADENATION:SOLANA,135.05,137.863,132.573,135.604,3380000.0
2024-09-10 23:00:00,TRADENATION:SOLANA,135.619,135.875,128.347,132.404,4310000.0
2024-09-11 23:00:00,TRADENATION:SOLANA,132.404,136.659,132.394,136.038,3470000.0
2024-09-12 23:00:00,TRADENATION:SOLANA,136.038,139.744,131.812,139.069,3850000.0
2024-09-15 23:00:00,TRADENATION:SOLANA,131.419,132.31,129.068,131.405,3140000.0
2024-09-16 23:00:00,TRADENATION:SOLANA,131.405,135.5,130.359,131.54,3430000.0
2024-09-17 23:00:00,TRADENATION:SOLANA,131.54,134.327,127.196,134.327,4700000.0
2024-09-18 23:00:00,TRADENATION:SOLANA,134.327,143.908,134.327,142.874,6040000.0
2024-09-19 23:00:00,TRADENATION:SOLANA,142.872,152.125,141.234,146.699,5960000.0
2024-09-22 23:00:00,TRADENATION:SOLANA,144.687,148.985,142.203,144.713,4470000.0
2024-09-23 23:00:00,TRADENATION:SOLANA,144.714,153.921,143.291,152.684,5540000.0
2024-09-24 23:00:00,TRADENATION:SOLANA,152.666,153.758,147.366,147.999,3810000.0
2024-09-25 23:00:00,TRADENATION:SOLANA,147.999,157.981,146.59,155.548,5590000.0
2024-09-26 23:00:00,TRADENATION:SOLANA,155.549,160.986,154.017,157.647,4990000.0
2024-09-29 23:00:00,TRADENATION:SOLANA,158.471,159.71,151.908,152.63,4230000.0
2024-09-30 23:00:00,TRADENATION:SOLANA,152.621,157.29,142.708,145.261,7030000.0
2024-10-01 23:00:00,TRADENATION:SOLANA,145.251,148.901,138.687,140.236,5440000.0
2024-10-02 23:00:00,TRADENATION:SOLANA,140.236,142.904,133.38,136.835,5270000.0
2024-10-03 23:00:00,TRADENATION:SOLANA,136.844,144.479,135.985,143.161,4390000.0
2024-10-06 23:00:00,TRADENATION:SOLANA,146.483,152.215,143.573,143.932,4940000.0
2024-10-07 23:00:00,TRADENATION:SOLANA,143.93,145.548,141.213,143.516,3080000.0
2024-10-08 23:00:00,TRADENATION:SOLANA,143.488,145.289,138.795,139.308,3200000.0
2024-10-09 23:00:00,TRADENATION:SOLANA,139.308,140.798,136.112,139.038,3300000.0
2024-10-10 23:00:00,TRADENATION:SOLANA,139.029,146.454,138.732,145.449,3490000.0
2024-10-13 23:00:00,TRADENATION:SOLANA,147.68,157.977,146.868,157.536,5390000.0
2024-10-14 23:00:00,TRADENATION:SOLANA,157.536,159.441,150.464,154.774,5960000.0
2024-10-15 23:00:00,TRADENATION:SOLANA,154.774,158.225,153.042,154.275,4010000.0
2024-10-16 23:00:00,TRADENATION:SOLANA,154.275,155.648,147.796,150.503,3790000.0
2024-10-17 23:00:00,TRADENATION:SOLANA,150.503,156.613,149.678,154.913,2780000.0
2024-10-20 23:00:00,TRADENATION:SOLANA,167.351,171.464,161.602,166.142,6300000.0
2024-10-21 23:00:00,TRADENATION:SOLANA,166.14,170.953,163.117,167.364,5340000.0
2024-10-22 23:00:00,TRADENATION:SOLANA,167.419,174.16,164.219,170.927,5880000.0
2024-10-23 23:00:00,TRADENATION:SOLANA,170.927,179.13,170.532,177.159,5250000.0
2024-10-24 23:00:00,TRADENATION:SOLANA,177.156,177.409,160.134,165.098,7340000.0
2024-10-27 22:00:00,TRADENATION:SOLANA,176.698,179.547,172.64,178.199,5140000.0
2024-10-28 22:00:00,TRADENATION:SOLANA,178.197,183.272,176.441,179.425,5580000.0
2024-10-29 22:00:00,TRADENATION:SOLANA,179.431,181.271,173.227,174.918,3970000.0
2024-10-30 22:00:00,TRADENATION:SOLANA,174.91,176.473,167.636,168.754,3680000.0
2024-10-31 22:00:00,TRADENATION:SOLANA,168.763,173.945,163.796,166.165,4540000.0
2024-11-03 23:00:00,TRADENATION:SOLANA,162.49,164.959,155.188,157.953,4020000.0
2024-11-04 23:00:00,TRADENATION:SOLANA,157.958,169.245,156.956,166.624,4600000.0
2024-11-05 23:00:00,TRADENATION:SOLANA,166.622,189.943,166.551,186.627,13310000.0
2024-11-06 23:00:00,TRADENATION:SOLANA,186.62,197.805,186.007,196.233,5940000.0
2024-11-07 23:00:00,TRADENATION:SOLANA,196.235,204.862,195.709,199.844,6910000.0
2024-11-10 23:00:00,TRADENATION:SOLANA,210.053,224.022,204.309,222.141,11290000.0
2024-11-11 23:00:00,TRADENATION:SOLANA,222.141,225.081,205.145,211.579,11400000.0
2024-11-12 23:00:00,TRADENATION:SOLANA,211.579,220.398,201.034,215.187,13500000.0
2024-11-13 23:00:00,TRADENATION:SOLANA,215.179,222.788,207.109,209.49,9410000.0
2024-11-14 23:00:00,TRADENATION:SOLANA,209.49,220.185,204.615,218.439,6810000.0
2024-11-17 23:00:00,TRADENATION:SOLANA,237.471,248.366,234.077,239.769,9260000.0
2024-11-18 23:00:00,TRADENATION:SOLANA,239.779,247.46,233.782,237.593,6970000.0
2024-11-19 23:00:00,TRADENATION:SOLANA,237.588,242.146,230.677,235.513,6920000.0
2024-11-20 23:00:00,TRADENATION:SOLANA,235.513,259.316,230.038,256.587,11100000.0
2024-11-21 23:00:00,TRADENATION:SOLANA,259.55,260.88,251.51,255.1,21184.0
2024-11-24 23:00:00,TRADENATION:SOLANA,251.04,256.42,235.31,238.72,67126.0
2024-11-25 23:00:00,TRADENATION:SOLANA,238.08,239.69,221.87,230.34,72196.0
2024-11-26 23:00:00,TRADENATION:SOLANA,231.61,242.98,227.59,240.07,47148.0
2024-11-27 23:00:00,TRADENATION:SOLANA,240.48,245.29,232.94,235.88,50057.0
2024-11-28 23:00:00,TRADENATION:SOLANA,236.08,246.78,235.91,242.59,27355.0
2024-12-01 23:00:00,TRADENATION:SOLANA,237.58,239.14,220.39,222.23,61044.0
2024-12-02 23:00:00,TRADENATION:SOLANA,222.62,239.63,215.17,237.47,47116.0
2024-12-03 23:00:00,TRADENATION:SOLANA,236.78,240.9,224.71,229.66,52670.0
2024-12-04 23:00:00,TRADENATION:SOLANA,229.87,244.76,223.02,233.85,79840.0
2024-12-05 23:00:00,TRADENATION:SOLANA,234.53,246.49,224.84,238.27,63777.0
2024-12-08 23:00:00,TRADENATION:SOLANA,235.74,237.78,202.05,218.06,52064.0
2024-12-09 23:00:00,TRADENATION:SOLANA,217.55,219.53,203.28,213.24,56961.0
2024-12-10 23:00:00,TRADENATION:SOLANA,213.94,230.5,211.55,228.99,51090.0
2024-12-11 23:00:00,TRADENATION:SOLANA,229.0,234.66,225.69,227.59,62301.0
2024-12-12 23:00:00,TRADENATION:SOLANA,226.74,228.43,220.65,223.92,55407.0
2024-12-15 23:00:00,TRADENATION:SOLANA,216.48,227.46,213.26,218.68,36366.0
2024-12-16 23:00:00,TRADENATION:SOLANA,218.78,228.86,211.42,225.61,35246.0
2024-12-17 23:00:00,TRADENATION:SOLANA,225.24,225.94,205.8,208.89,70824.0
2024-12-18 23:00:00,TRADENATION:SOLANA,208.42,212.13,187.06,194.68,106842.0
2024-12-19 23:00:00,TRADENATION:SOLANA,195.32,199.73,175.36,190.13,113966.0
2024-12-22 23:00:00,TRADENATION:SOLANA,179.37,193.48,176.53,190.13,89808.0
2024-12-23 23:00:00,TRADENATION:SOLANA,190.24,199.03,186.15,196.54,47855.0
2024-12-25 23:00:00,TRADENATION:SOLANA,196.26,199.0,186.84,189.67,99321.0
2024-12-26 23:00:00,TRADENATION:SOLANA,189.52,194.54,183.05,186.26,116208.0
2024-12-29 23:00:00,TRADENATION:SOLANA,190.79,196.71,186.1,189.73,100204.0
2024-12-30 23:00:00,TRADENATION:SOLANA,189.88,199.49,188.44,193.39,101147.0
2025-01-01 23:00:00,TRADENATION:SOLANA,194.54,210.65,193.69,206.62,116755.0
2025-01-02 23:00:00,TRADENATION:SOLANA,206.33,219.93,205.33,216.2,98917.0
2025-01-05 23:00:00,TRADENATION:SOLANA,213.72,223.22,211.71,217.99,113244.0
2025-01-06 23:00:00,TRADENATION:SOLANA,217.86,219.34,202.18,202.18,92963.0
2025-01-07 23:00:00,TRADENATION:SOLANA,202.45,204.0,189.01,195.32,109027.0
2025-01-08 23:00:00,TRADENATION:SOLANA,195.96,199.34,182.36,185.1,121600.0
2025-01-09 23:00:00,TRADENATION:SOLANA,185.41,193.35,183.56,187.68,112650.0
2025-01-12 23:00:00,TRADENATION:SOLANA,188.68,192.05,169.44,182.2,105055.0
2025-01-13 23:00:00,TRADENATION:SOLANA,182.82,190.41,181.92,187.43,55335.0
2025-01-14 23:00:00,TRADENATION:SOLANA,187.79,204.77,186.16,202.87,55318.0
2025-01-15 23:00:00,TRADENATION:SOLANA,202.91,216.91,198.35,211.54,71979.0
2025-01-16 23:00:00,TRADENATION:SOLANA,210.9,221.84,208.53,220.25,59114.0
2025-01-19 23:00:00,TRADENATION:SOLANA,249.92,272.99,229.7,246.21,222282.0
2025-01-20 23:00:00,TRADENATION:SOLANA,243.02,259.98,230.28,253.71,164826.0
2025-01-21 23:00:00,TRADENATION:SOLANA,253.79,272.0,246.72,262.39,112857.0
2025-01-22 23:00:00,TRADENATION:SOLANA,263.08,264.67,242.18,246.15,114481.0
2025-01-23 23:00:00,TRADENATION:SOLANA,247.21,270.04,246.78,257.25,73776.0
2025-01-26 23:00:00,TRADENATION:SOLANA,249.26,250.22,221.1,234.34,133136.0
2025-01-27 23:00:00,TRADENATION:SOLANA,235.19,244.23,225.79,226.02,68984.0
2025-01-28 23:00:00,TRADENATION:SOLANA,225.63,235.98,225.41,228.1,50727.0
